Customer ID,Recency,Frequency,Monetary,Cluster,Segment
12346.0,48,1,77183.6,3,VIP Customers
12347.0,39,2,1187.18,0,Regular Customers
12348.0,41,2,1120.24,0,Regular Customers
12350.0,32,1,334.4,0,Regular Customers
12352.0,5,3,1281.15,0,Regular Customers
12356.0,48,1,2271.62,0,Regular Customers
12359.0,27,2,2386.41,0,Regular Customers
12361.0,9,1,189.9,0,Regular Customers
12362.0,18,1,479.1,0,Regular Customers
12365.0,13,2,641.38,0,Regular Customers
12370.0,80,2,1864.27,1,At-Risk Customers
12372.0,18,1,399.22,0,Regular Customers
12373.0,33,1,364.6,0,Regular Customers
12377.0,37,2,1628.12,0,Regular Customers
12383.0,53,2,1251.88,1,At-Risk Customers
12386.0,59,2,401.9,1,At-Risk Customers
12388.0,27,2,555.35,0,Regular Customers
12393.0,52,2,639.5,1,At-Risk Customers
12395.0,24,3,911.43,0,Regular Customers
12401.0,25,1,84.3,0,Regular Customers
12402.0,45,1,225.6,0,Regular Customers
12410.0,31,2,693.3299999999999,0,Regular Customers
12413.0,59,1,479.25,1,At-Risk Customers
12414.0,32,1,153.76,0,Regular Customers
12415.0,4,4,37842.74,3,VIP Customers
12417.0,3,3,1024.78,0,Regular Customers
12421.0,41,1,157.45,0,Regular Customers
12422.0,47,1,238.5,0,Regular Customers
12423.0,14,2,430.24,0,Regular Customers
12427.0,94,1,303.5,1,At-Risk Customers
12428.0,5,3,4969.22,0,Regular Customers
12429.0,88,1,1281.5,1,At-Risk Customers
12431.0,7,5,2143.78,0,Regular Customers
12433.0,88,2,3787.12,1,At-Risk Customers
12437.0,11,4,982.96,0,Regular Customers
12441.0,89,1,173.55,1,At-Risk Customers
12451.0,47,1,2919.51,0,Regular Customers
12455.0,17,2,1698.9,0,Regular Customers
12458.0,7,1,441.92,0,Regular Customers
12462.0,25,1,762.11,0,Regular Customers
12464.0,7,2,363.85,0,Regular Customers
12468.0,38,1,220.59,0,Regular Customers
12471.0,11,7,5928.11,0,Regular Customers
12472.0,39,2,2456.66,0,Regular Customers
12474.0,10,4,887.38,0,Regular Customers
12476.0,21,3,722.23,0,Regular Customers
12477.0,23,1,2355.9500000000003,0,Regular Customers
12480.0,58,1,816.25,1,At-Risk Customers
12481.0,59,3,1394.43,1,At-Risk Customers
12483.0,61,1,547.56,1,At-Risk Customers
12484.0,58,1,1138.67,1,At-Risk Customers
12489.0,58,1,334.93,1,At-Risk Customers
12490.0,52,1,864.22,1,At-Risk Customers
12494.0,18,3,312.55,0,Regular Customers
12500.0,3,3,968.76,0,Regular Customers
12501.0,58,1,2169.39,1,At-Risk Customers
12502.0,32,1,617.25,0,Regular Customers
12507.0,21,1,446.16,0,Regular Customers
12509.0,6,1,176.5,0,Regular Customers
12510.0,47,1,681.05,0,Regular Customers
12515.0,75,1,383.7,1,At-Risk Customers
12523.0,13,2,246.35,0,Regular Customers
12524.0,3,3,1338.17,0,Regular Customers
12527.0,17,2,284.92,0,Regular Customers
12528.0,35,1,493.53,0,Regular Customers
12530.0,59,1,387.4,1,At-Risk Customers
12539.0,39,2,3431.7,0,Regular Customers
12540.0,33,3,2317.17,0,Regular Customers
12541.0,3,1,312.4,0,Regular Customers
12547.0,2,1,159.4,0,Regular Customers
12551.0,80,1,168.0,1,At-Risk Customers
12553.0,3,3,1023.86,0,Regular Customers
12557.0,55,2,4037.12,1,At-Risk Customers
12559.0,33,2,561.71,0,Regular Customers
12561.0,25,1,238.85,0,Regular Customers
12565.0,11,1,145.92,0,Regular Customers
12567.0,31,3,3179.11,0,Regular Customers
12574.0,38,1,218.45,0,Regular Customers
12576.0,27,1,266.85,0,Regular Customers
12577.0,81,1,195.89,1,At-Risk Customers
12578.0,52,1,1608.66,1,At-Risk Customers
12582.0,11,1,205.16,0,Regular Customers
12583.0,24,3,1907.58,0,Regular Customers
12584.0,2,1,463.63,0,Regular Customers
12585.0,73,1,1262.85,1,At-Risk Customers
12591.0,39,1,452.85,0,Regular Customers
12594.0,16,2,597.0,0,Regular Customers
12598.0,7,1,720.86,0,Regular Customers
12599.0,8,2,312.46000000000004,0,Regular Customers
12600.0,32,3,702.74,0,Regular Customers
12601.0,25,2,257.36,0,Regular Customers
12609.0,40,1,287.93,0,Regular Customers
12616.0,19,1,255.6,0,Regular Customers
12621.0,13,4,2918.89,0,Regular Customers
12625.0,41,1,1716.62,0,Regular Customers
12626.0,38,2,1274.1,0,Regular Customers
12633.0,10,1,1012.82,0,Regular Customers
12637.0,46,1,1516.68,0,Regular Customers
12643.0,55,1,871.1999999999999,1,At-Risk Customers
12645.0,38,1,369.3,0,Regular Customers
12647.0,79,4,1193.6,1,At-Risk Customers
12651.0,56,1,114.0,1,At-Risk Customers
12652.0,53,1,919.98,1,At-Risk Customers
12653.0,19,1,779.1,0,Regular Customers
12654.0,17,1,166.6,0,Regular Customers
12662.0,31,2,598.1800000000001,0,Regular Customers
12664.0,45,1,661.58,0,Regular Customers
12665.0,47,1,63.0,0,Regular Customers
12668.0,34,2,1479.67,0,Regular Customers
12672.0,52,1,225.9,1,At-Risk Customers
12673.0,49,1,220.9,1,At-Risk Customers
12676.0,33,1,509.5,0,Regular Customers
12678.0,7,3,574.71,0,Regular Customers
12679.0,5,1,794.06,0,Regular Customers
12681.0,34,6,5082.53,0,Regular Customers
12682.0,33,5,2912.14,0,Regular Customers
12683.0,6,4,2147.42,0,Regular Customers
12686.0,94,1,89.14,1,At-Risk Customers
12691.0,40,3,406.2,0,Regular Customers
12693.0,41,1,162.05,0,Regular Customers
12705.0,79,1,858.0,1,At-Risk Customers
12707.0,14,1,603.42,0,Regular Customers
12708.0,52,2,481.06,1,At-Risk Customers
12709.0,6,4,3165.09,0,Regular Customers
12712.0,34,4,1035.43,0,Regular Customers
12714.0,17,1,968.3,0,Regular Customers
12720.0,26,4,1105.33,0,Regular Customers
12721.0,26,2,741.62,0,Regular Customers
12724.0,54,1,154.9,1,At-Risk Customers
12725.0,93,1,427.8,1,At-Risk Customers
12726.0,38,2,571.86,0,Regular Customers
12727.0,4,4,2007.32,0,Regular Customers
12728.0,6,2,453.26,0,Regular Customers
12731.0,35,2,4246.33,0,Regular Customers
12734.0,74,1,110.4,1,At-Risk Customers
12735.0,37,2,779.5699999999999,0,Regular Customers
12736.0,55,1,234.0,1,At-Risk Customers
12738.0,94,1,155.35,1,At-Risk Customers
12744.0,40,1,2053.07,0,Regular Customers
12747.0,5,4,1320.09,0,Regular Customers
12748.0,6,44,4983.71,2,Loyal High-Value Customers
12753.0,4,3,9341.13,0,Regular Customers
12754.0,31,1,45.57,0,Regular Customers
12755.0,2,2,3811.95,0,Regular Customers
12763.0,91,1,320.08,1,At-Risk Customers
12764.0,39,1,1693.88,0,Regular Customers
12766.0,14,3,2809.42,0,Regular Customers
12775.0,33,1,214.45,0,Regular Customers
12778.0,34,1,134.48,0,Regular Customers
12779.0,30,3,1198.58,0,Regular Customers
12781.0,7,1,549.26,0,Regular Customers
12782.0,40,2,1147.43,0,Regular Customers
12785.0,86,1,311.95,1,At-Risk Customers
12791.0,96,1,192.6,1,At-Risk Customers
12793.0,57,2,545.48,1,At-Risk Customers
12797.0,88,1,254.03,1,At-Risk Customers
12808.0,91,1,129.4,1,At-Risk Customers
12811.0,6,1,240.25,0,Regular Customers
12817.0,3,1,166.04,0,Regular Customers
12820.0,48,1,170.46,1,At-Risk Customers
12823.0,11,2,535.5,0,Regular Customers
12826.0,39,3,697.1,0,Regular Customers
12829.0,59,2,293.0,1,At-Risk Customers
12834.0,5,1,312.38,0,Regular Customers
12836.0,34,1,846.69,0,Regular Customers
12838.0,96,1,390.79,1,At-Risk Customers
12839.0,10,3,1089.01,0,Regular Customers
12841.0,10,8,1393.07,0,Regular Customers
12842.0,30,1,310.73,0,Regular Customers
12845.0,12,1,65.09,0,Regular Customers
12852.0,17,1,311.55,0,Regular Customers
12853.0,38,1,427.4,0,Regular Customers
12854.0,40,1,389.9,0,Regular Customers
12855.0,95,1,38.1,1,At-Risk Customers
12857.0,24,1,801.6,0,Regular Customers
12866.0,5,1,559.12,0,Regular Customers
12867.0,20,2,786.95,0,Regular Customers
12868.0,38,3,673.21,0,Regular Customers
12872.0,49,2,599.97,0,Regular Customers
12873.0,4,1,374.0,0,Regular Customers
12875.0,85,1,293.76000000000005,1,At-Risk Customers
12877.0,10,3,329.46000000000004,0,Regular Customers
12891.0,15,1,42.0,0,Regular Customers
12897.0,24,1,128.8,0,Regular Customers
12908.0,34,1,318.0,0,Regular Customers
12913.0,5,3,866.39,0,Regular Customers
12915.0,94,1,199.65,1,At-Risk Customers
12916.0,43,1,807.05,0,Regular Customers
12921.0,6,7,3173.38,0,Regular Customers
12924.0,50,1,58.190000000000005,1,At-Risk Customers
12928.0,81,1,392.34,1,At-Risk Customers
12929.0,34,1,117.85,0,Regular Customers
12931.0,20,3,1873.4,0,Regular Customers
12933.0,6,1,110.75,0,Regular Customers
12935.0,41,1,431.63,0,Regular Customers
12939.0,21,2,5309.28,0,Regular Customers
12942.0,88,1,258.75,1,At-Risk Customers
12944.0,77,1,286.95,1,At-Risk Customers
12945.0,10,1,462.95,0,Regular Customers
12947.0,59,2,605.7,1,At-Risk Customers
12951.0,42,2,306.09000000000003,0,Regular Customers
12956.0,28,1,108.07,0,Regular Customers
12957.0,62,1,413.68,1,At-Risk Customers
12963.0,88,1,365.8,1,At-Risk Customers
12967.0,80,2,1660.9,1,At-Risk Customers
12970.0,44,2,23.8,0,Regular Customers
12971.0,6,18,1837.37,2,Loyal High-Value Customers
12980.0,4,5,3673.74,0,Regular Customers
12988.0,14,1,505.82,0,Regular Customers
12989.0,20,3,1914.1,0,Regular Customers
12990.0,32,1,97.5,0,Regular Customers
12993.0,20,1,102.9,0,Regular Customers
12997.0,39,1,305.55,0,Regular Customers
13000.0,87,1,201.75,1,At-Risk Customers
13001.0,9,4,3468.79,0,Regular Customers
13002.0,40,1,120.95,0,Regular Customers
13004.0,7,5,1592.04,0,Regular Customers
13008.0,45,1,229.47,0,Regular Customers
13011.0,94,1,50.55,1,At-Risk Customers
13012.0,17,1,377.27,0,Regular Customers
13013.0,93,2,1528.34,1,At-Risk Customers
13014.0,3,1,515.38,0,Regular Customers
13018.0,10,2,642.45,0,Regular Customers
13021.0,81,1,157.35000000000002,1,At-Risk Customers
13027.0,76,1,1440.0,1,At-Risk Customers
13029.0,75,1,382.5,1,At-Risk Customers
13030.0,90,1,402.36,1,At-Risk Customers
13033.0,79,1,190.55,1,At-Risk Customers
13034.0,91,1,165.86,1,At-Risk Customers
13038.0,13,1,395.1,0,Regular Customers
13044.0,13,1,560.47,0,Regular Customers
13047.0,31,4,825.53,0,Regular Customers
13048.0,49,1,477.61,1,At-Risk Customers
13049.0,40,1,153.78,0,Regular Customers
13050.0,26,7,2129.53,0,Regular Customers
13064.0,49,1,203.3,1,At-Risk Customers
13065.0,95,1,205.86,1,At-Risk Customers
13068.0,42,1,165.0,0,Regular Customers
13069.0,30,6,1240.09,0,Regular Customers
13077.0,12,3,576.19,0,Regular Customers
13078.0,18,5,1994.31,0,Regular Customers
13081.0,10,5,7467.61,0,Regular Customers
13082.0,60,1,379.44,1,At-Risk Customers
13085.0,17,1,278.1,0,Regular Customers
13089.0,12,24,15557.62,2,Loyal High-Value Customers
13090.0,11,5,1796.2,0,Regular Customers
13092.0,81,1,185.45,1,At-Risk Customers
13093.0,9,7,7527.97,0,Regular Customers
13094.0,5,5,528.96,0,Regular Customers
13097.0,14,3,1663.2,0,Regular Customers
13098.0,27,2,893.6,0,Regular Customers
13102.0,30,7,1881.8,0,Regular Customers
13104.0,77,1,101.76,1,At-Risk Customers
13107.0,55,1,566.84,1,At-Risk Customers
13108.0,95,1,350.06,1,At-Risk Customers
13110.0,5,2,540.15,0,Regular Customers
13113.0,2,6,2838.74,0,Regular Customers
13117.0,41,3,499.93,0,Regular Customers
13118.0,10,1,190.93,0,Regular Customers
13124.0,81,1,1256.32,1,At-Risk Customers
13126.0,61,3,547.31,1,At-Risk Customers
13133.0,26,1,52.35,0,Regular Customers
13137.0,31,1,206.63,0,Regular Customers
13138.0,94,1,193.23,1,At-Risk Customers
13140.0,88,1,158.26,1,At-Risk Customers
13141.0,37,2,524.57,0,Regular Customers
13144.0,55,1,110.95,1,At-Risk Customers
13145.0,94,1,295.0,1,At-Risk Customers
13148.0,35,4,1068.71,0,Regular Customers
13149.0,11,1,376.74,0,Regular Customers
13151.0,17,1,1257.87,0,Regular Customers
13155.0,49,2,569.2,0,Regular Customers
13157.0,20,1,197.82,0,Regular Customers
13158.0,41,1,256.41,0,Regular Customers
13161.0,35,1,112.75,0,Regular Customers
13162.0,57,1,753.26,1,At-Risk Customers
13165.0,73,1,354.64,1,At-Risk Customers
13166.0,5,1,417.2,0,Regular Customers
13168.0,14,2,821.63,0,Regular Customers
13171.0,21,1,140.35,0,Regular Customers
13173.0,89,1,165.94,1,At-Risk Customers
13174.0,38,2,2034.06,0,Regular Customers
13178.0,17,2,1124.0,0,Regular Customers
13183.0,57,1,625.04,1,At-Risk Customers
13184.0,12,1,212.52,0,Regular Customers
13187.0,59,1,236.02,1,At-Risk Customers
13198.0,40,2,1184.74,0,Regular Customers
13199.0,3,9,1948.96,0,Regular Customers
13208.0,31,1,168.45,0,Regular Customers
13209.0,48,2,430.2,0,Regular Customers
13211.0,83,1,110.7,1,At-Risk Customers
13221.0,81,1,498.16,1,At-Risk Customers
13225.0,60,2,2470.44,1,At-Risk Customers
13230.0,4,5,786.05,0,Regular Customers
13233.0,58,1,304.24,1,At-Risk Customers
13238.0,82,1,91.15,1,At-Risk Customers
13240.0,87,1,224.07,1,At-Risk Customers
13246.0,15,3,1063.16,0,Regular Customers
13253.0,61,1,476.48,1,At-Risk Customers
13255.0,96,1,225.7,1,At-Risk Customers
13261.0,8,1,845.1,0,Regular Customers
13263.0,47,1,141.66,0,Regular Customers
13267.0,54,3,933.97,1,At-Risk Customers
13269.0,83,2,662.1700000000001,1,At-Risk Customers
13270.0,88,1,590.0,1,At-Risk Customers
13280.0,38,2,682.96,0,Regular Customers
13284.0,53,1,201.19,1,At-Risk Customers
13285.0,12,1,666.89,0,Regular Customers
13292.0,6,1,249.57,0,Regular Customers
13295.0,82,1,201.2,1,At-Risk Customers
13301.0,14,1,173.91,0,Regular Customers
13304.0,73,1,300.42,1,At-Risk Customers
13305.0,18,2,288.9,0,Regular Customers
13309.0,30,1,390.71,0,Regular Customers
13310.0,46,1,410.18,0,Regular Customers
13313.0,62,1,307.3,1,At-Risk Customers
13317.0,81,2,238.05,1,At-Risk Customers
13319.0,26,7,2769.04,0,Regular Customers
13324.0,35,2,1110.6,0,Regular Customers
13327.0,18,3,947.9,0,Regular Customers
13328.0,38,1,1308.48,0,Regular Customers
13329.0,89,1,304.2,1,At-Risk Customers
13330.0,38,1,335.82,0,Regular Customers
13334.0,28,1,1637.19,0,Regular Customers
13345.0,10,1,389.5,0,Regular Customers
13362.0,10,1,812.7,0,Regular Customers
13368.0,59,1,35.400000000000006,1,At-Risk Customers
13369.0,88,1,308.28000000000003,1,At-Risk Customers
13370.0,94,1,754.87,1,At-Risk Customers
13381.0,21,1,416.11,0,Regular Customers
13382.0,3,1,222.99,0,Regular Customers
13385.0,52,1,534.57,1,At-Risk Customers
13394.0,32,1,313.76,0,Regular Customers
13396.0,41,1,387.27,0,Regular Customers
13397.0,17,2,601.77,0,Regular Customers
13402.0,94,1,308.28000000000003,1,At-Risk Customers
13405.0,40,1,160.05,0,Regular Customers
13408.0,20,9,5664.92,0,Regular Customers
13410.0,13,1,250.24,0,Regular Customers
13414.0,19,1,390.0,0,Regular Customers
13418.0,81,5,1579.62,1,At-Risk Customers
13421.0,12,1,825.04,0,Regular Customers
13425.0,17,1,401.57,0,Regular Customers
13426.0,59,2,639.4300000000001,1,At-Risk Customers
13448.0,86,3,829.5400000000001,1,At-Risk Customers
13451.0,56,1,359.19,1,At-Risk Customers
13453.0,12,1,185.0,0,Regular Customers
13455.0,88,1,692.94,1,At-Risk Customers
13458.0,10,4,4170.82,0,Regular Customers
13468.0,10,9,1609.5,0,Regular Customers
13473.0,55,1,241.26,1,At-Risk Customers
13475.0,20,1,317.12,0,Regular Customers
13476.0,3,1,727.6,0,Regular Customers
13477.0,13,1,185.4,0,Regular Customers
13487.0,75,1,193.15,1,At-Risk Customers
13488.0,31,3,3395.76,0,Regular Customers
13489.0,11,2,235.68,0,Regular Customers
13491.0,2,6,803.91,0,Regular Customers
13493.0,9,1,179.35,0,Regular Customers
13494.0,34,1,316.26000000000005,0,Regular Customers
13495.0,82,2,865.4300000000001,1,At-Risk Customers
13496.0,82,1,501.01,1,At-Risk Customers
13497.0,5,2,348.05,0,Regular Customers
13501.0,10,1,1340.32,0,Regular Customers
13502.0,46,1,114.6,0,Regular Customers
13506.0,38,2,458.52,0,Regular Customers
13509.0,6,1,209.32,0,Regular Customers
13520.0,47,2,988.52,0,Regular Customers
13523.0,88,1,566.95,1,At-Risk Customers
13527.0,49,1,110.45,1,At-Risk Customers
13531.0,88,1,305.45,1,At-Risk Customers
13534.0,27,8,1029.75,0,Regular Customers
13538.0,38,1,166.8,0,Regular Customers
13539.0,31,1,164.1,0,Regular Customers
13551.0,41,1,91.8,0,Regular Customers
13552.0,38,1,313.70000000000005,0,Regular Customers
13557.0,3,1,240.68,0,Regular Customers
13564.0,76,2,1174.03,1,At-Risk Customers
13565.0,56,1,110.18,1,At-Risk Customers
13569.0,89,1,109.82,1,At-Risk Customers
13576.0,13,4,1687.04,0,Regular Customers
13579.0,91,1,164.70000000000002,1,At-Risk Customers
13581.0,31,1,118.0,0,Regular Customers
13584.0,28,1,142.4,0,Regular Customers
13590.0,25,1,309.06,0,Regular Customers
13593.0,58,1,559.85,1,At-Risk Customers
13599.0,5,4,1302.55,0,Regular Customers
13600.0,34,1,219.52,0,Regular Customers
13606.0,34,1,70.02,0,Regular Customers
13610.0,7,1,234.12,0,Regular Customers
13611.0,82,1,303.15000000000003,1,At-Risk Customers
13614.0,52,1,205.75,1,At-Risk Customers
13615.0,41,1,417.69,0,Regular Customers
13623.0,19,1,156.0,0,Regular Customers
13627.0,80,1,311.19,1,At-Risk Customers
13629.0,33,2,1425.0,0,Regular Customers
13630.0,7,1,299.14,0,Regular Customers
13634.0,49,1,334.2,1,At-Risk Customers
13636.0,7,1,154.5,0,Regular Customers
13649.0,88,1,197.8,1,At-Risk Customers
13652.0,91,1,308.8,1,At-Risk Customers
13656.0,59,1,162.70000000000002,1,At-Risk Customers
13659.0,43,1,1035.2,0,Regular Customers
13666.0,9,2,64.05,0,Regular Customers
13668.0,17,4,1749.0800000000002,0,Regular Customers
13672.0,23,2,186.39,0,Regular Customers
13675.0,7,1,308.44,0,Regular Customers
13680.0,60,2,2391.59,1,At-Risk Customers
13684.0,8,1,65.13,0,Regular Customers
13694.0,3,11,14317.5,2,Loyal High-Value Customers
13700.0,49,2,139.52,0,Regular Customers
13703.0,40,1,99.5,0,Regular Customers
13705.0,96,1,318.14,1,At-Risk Customers
13706.0,25,1,330.79,0,Regular Customers
13707.0,37,1,583.41,0,Regular Customers
13709.0,37,1,454.3,0,Regular Customers
13715.0,3,5,1077.39,0,Regular Customers
13717.0,20,1,298.05,0,Regular Customers
13718.0,18,1,114.05,0,Regular Customers
13722.0,5,1,1463.47,0,Regular Customers
13725.0,10,4,1451.93,0,Regular Customers
13728.0,33,1,158.57999999999998,0,Regular Customers
13742.0,9,3,1155.18,0,Regular Customers
13744.0,14,1,817.3199999999999,0,Regular Customers
13747.0,96,1,79.6,1,At-Risk Customers
13748.0,96,1,204.0,1,At-Risk Customers
13750.0,19,2,688.8000000000001,0,Regular Customers
13751.0,10,1,296.25,0,Regular Customers
13753.0,9,1,741.26,0,Regular Customers
13754.0,39,1,156.0,0,Regular Customers
13756.0,81,3,1004.4,1,At-Risk Customers
13758.0,57,3,1141.25,1,At-Risk Customers
13764.0,59,1,499.89,1,At-Risk Customers
13767.0,7,11,4143.82,2,Loyal High-Value Customers
13769.0,48,2,626.32,0,Regular Customers
13777.0,10,14,8063.16,2,Loyal High-Value Customers
13782.0,50,1,191.94,1,At-Risk Customers
13784.0,4,4,426.39,0,Regular Customers
13786.0,89,1,230.4,1,At-Risk Customers
13787.0,86,1,106.4,1,At-Risk Customers
13792.0,9,1,74.60000000000001,0,Regular Customers
13798.0,9,11,11001.4,2,Loyal High-Value Customers
13799.0,16,1,341.7,0,Regular Customers
13800.0,31,1,558.32,0,Regular Customers
13802.0,34,1,969.74,0,Regular Customers
13804.0,12,1,723.63,0,Regular Customers
13807.0,89,1,112.6,1,At-Risk Customers
13809.0,27,1,155.05,0,Regular Customers
13815.0,41,1,1012.01,0,Regular Customers
13817.0,74,1,128.7,1,At-Risk Customers
13819.0,24,3,1140.35,0,Regular Customers
13824.0,32,1,442.88,0,Regular Customers
13831.0,92,1,408.0,1,At-Risk Customers
13837.0,40,1,109.05,0,Regular Customers
13838.0,92,1,230.66,1,At-Risk Customers
13842.0,31,3,907.53,0,Regular Customers
13846.0,82,1,411.4,1,At-Risk Customers
13848.0,20,2,935.0,0,Regular Customers
13851.0,10,1,246.32,0,Regular Customers
13854.0,11,7,2269.2,0,Regular Customers
13859.0,48,1,201.16,1,At-Risk Customers
13862.0,13,2,678.85,0,Regular Customers
13865.0,12,1,123.3,0,Regular Customers
13869.0,35,2,886.01,0,Regular Customers
13870.0,10,1,544.03,0,Regular Customers
13871.0,31,1,456.05,0,Regular Customers
13873.0,32,1,121.45,0,Regular Customers
13874.0,80,1,540.45,1,At-Risk Customers
13875.0,23,1,340.65,0,Regular Customers
13880.0,6,3,508.1,0,Regular Customers
13881.0,34,1,1025.34,0,Regular Customers
13884.0,5,1,138.15,0,Regular Customers
13890.0,81,1,190.35,1,At-Risk Customers
13893.0,20,1,821.1,0,Regular Customers
13894.0,32,1,160.85,0,Regular Customers
13898.0,48,1,155.93,1,At-Risk Customers
13901.0,41,1,214.4,0,Regular Customers
13904.0,17,1,201.12,0,Regular Customers
13911.0,20,2,559.27,0,Regular Customers
13922.0,74,1,172.25,1,At-Risk Customers
13929.0,48,1,412.85,1,At-Risk Customers
13931.0,3,1,378.21,0,Regular Customers
13932.0,17,1,307.4,0,Regular Customers
13939.0,34,1,184.5,0,Regular Customers
13941.0,20,2,2118.96,0,Regular Customers
13948.0,83,1,102.0,1,At-Risk Customers
13951.0,16,1,212.56,0,Regular Customers
13953.0,75,1,500.0,1,At-Risk Customers
13955.0,27,1,205.1,0,Regular Customers
13959.0,3,2,337.44,0,Regular Customers
13963.0,30,4,664.54,0,Regular Customers
13969.0,44,2,662.83,0,Regular Customers
13971.0,7,1,333.48,0,Regular Customers
13973.0,9,1,264.7,0,Regular Customers
13982.0,48,2,903.8,0,Regular Customers
13983.0,27,4,949.94,0,Regular Customers
13984.0,47,2,284.75,0,Regular Customers
13993.0,11,2,822.85,0,Regular Customers
13999.0,44,2,609.7,0,Regular Customers
14001.0,95,1,301.24,1,At-Risk Customers
14004.0,11,1,900.02,0,Regular Customers
14006.0,34,1,304.44,0,Regular Customers
14016.0,79,1,753.74,1,At-Risk Customers
14030.0,27,3,983.73,0,Regular Customers
14031.0,2,6,4526.59,0,Regular Customers
14032.0,78,2,619.42,1,At-Risk Customers
14035.0,19,1,301.6,0,Regular Customers
14036.0,7,1,626.65,0,Regular Customers
14037.0,87,1,111.8,1,At-Risk Customers
14040.0,36,3,914.05,0,Regular Customers
14044.0,32,1,170.44,0,Regular Customers
14045.0,60,3,1251.75,1,At-Risk Customers
14046.0,6,1,154.99,0,Regular Customers
14047.0,59,2,296.22,1,At-Risk Customers
14048.0,27,1,409.93,0,Regular Customers
14049.0,40,1,1028.08,0,Regular Customers
14051.0,9,6,3126.36,0,Regular Customers
14056.0,6,1,582.37,0,Regular Customers
14057.0,2,5,1936.73,0,Regular Customers
14060.0,13,6,1931.46,0,Regular Customers
14062.0,45,4,3096.39,0,Regular Customers
14068.0,42,1,265.85,0,Regular Customers
14078.0,6,2,306.29,0,Regular Customers
14081.0,24,2,921.62,0,Regular Customers
14082.0,87,1,182.25,1,At-Risk Customers
14083.0,76,3,444.36,1,At-Risk Customers
14085.0,31,6,1960.66,0,Regular Customers
14088.0,44,1,7544.91,0,Regular Customers
14090.0,47,1,76.32000000000001,0,Regular Customers
14092.0,44,3,920.23,0,Regular Customers
14099.0,17,3,818.73,0,Regular Customers
14101.0,16,2,1844.03,0,Regular Customers
14107.0,18,2,621.09,0,Regular Customers
14113.0,77,1,433.5,1,At-Risk Customers
14114.0,53,1,195.13,1,At-Risk Customers
14127.0,32,1,314.63,0,Regular Customers
14130.0,41,1,480.91,0,Regular Customers
14133.0,38,1,318.0,0,Regular Customers
14135.0,49,7,1811.91,0,Regular Customers
14142.0,95,1,311.81,1,At-Risk Customers
14146.0,79,1,1241.43,1,At-Risk Customers
14147.0,8,1,182.8,0,Regular Customers
14150.0,82,1,306.18,1,At-Risk Customers
14156.0,5,8,28278.4,2,Loyal High-Value Customers
14157.0,7,1,269.18,0,Regular Customers
14159.0,85,1,189.92,1,At-Risk Customers
14161.0,91,1,283.15,1,At-Risk Customers
14162.0,14,1,177.68,0,Regular Customers
14167.0,53,1,148.35,1,At-Risk Customers
14175.0,51,1,322.58,1,At-Risk Customers
14176.0,19,4,576.9000000000001,0,Regular Customers
14180.0,5,10,2235.62,0,Regular Customers
14185.0,53,1,197.65,1,At-Risk Customers
14188.0,32,1,398.0,0,Regular Customers
14189.0,10,4,1165.49,0,Regular Customers
14194.0,30,1,516.95,0,Regular Customers
14201.0,81,1,67.24000000000001,1,At-Risk Customers
14209.0,54,1,347.95,1,At-Risk Customers
14210.0,18,3,977.39,0,Regular Customers
14211.0,7,2,465.1,0,Regular Customers
14215.0,37,3,922.11,0,Regular Customers
14217.0,33,4,378.8,0,Regular Customers
14220.0,80,1,312.98,1,At-Risk Customers
14221.0,61,1,312.95,1,At-Risk Customers
14224.0,42,1,244.3,0,Regular Customers
14227.0,6,1,736.7,0,Regular Customers
14229.0,14,2,762.13,0,Regular Customers
14231.0,11,1,308.95,0,Regular Customers
14233.0,33,2,630.95,0,Regular Customers
14236.0,94,1,189.3,1,At-Risk Customers
14237.0,95,1,161.0,1,At-Risk Customers
14238.0,48,1,146.85,1,At-Risk Customers
14239.0,4,3,795.48,0,Regular Customers
14242.0,48,1,138.35,1,At-Risk Customers
14243.0,11,4,1139.8,0,Regular Customers
14248.0,40,1,302.58,0,Regular Customers
14256.0,87,1,523.86,1,At-Risk Customers
14257.0,41,1,620.14,0,Regular Customers
14258.0,21,2,4286.18,0,Regular Customers
14270.0,54,1,492.65,1,At-Risk Customers
14276.0,12,1,341.2,0,Regular Customers
14282.0,89,1,571.0,1,At-Risk Customers
14289.0,11,1,322.24,0,Regular Customers
14290.0,84,1,777.5600000000001,1,At-Risk Customers
14292.0,5,1,463.0,0,Regular Customers
14293.0,27,2,508.02,0,Regular Customers
14298.0,10,14,11823.9,2,Loyal High-Value Customers
14299.0,40,4,1565.94,0,Regular Customers
14307.0,46,2,1270.56,0,Regular Customers
14309.0,18,3,588.39,0,Regular Customers
14312.0,32,2,436.37,0,Regular Customers
14320.0,55,1,352.51,1,At-Risk Customers
14321.0,56,1,326.82,1,At-Risk Customers
14329.0,51,1,1547.58,1,At-Risk Customers
14334.0,42,2,672.57,0,Regular Customers
14341.0,40,2,335.63,0,Regular Customers
14344.0,80,3,355.65000000000003,1,At-Risk Customers
14346.0,19,1,262.44,0,Regular Customers
14355.0,88,1,174.4,1,At-Risk Customers
14368.0,42,1,155.0,0,Regular Customers
14371.0,17,1,100.5,0,Regular Customers
14373.0,80,1,76.55,1,At-Risk Customers
14379.0,17,1,110.98,0,Regular Customers
14386.0,19,1,142.4,0,Regular Customers
14388.0,4,2,714.25,0,Regular Customers
14390.0,95,1,223.7,1,At-Risk Customers
14395.0,56,2,689.36,1,At-Risk Customers
14396.0,93,1,110.35,1,At-Risk Customers
14401.0,37,2,552.12,0,Regular Customers
14404.0,49,2,391.08,0,Regular Customers
14409.0,41,3,666.1,0,Regular Customers
14410.0,28,1,137.65,0,Regular Customers
14411.0,33,1,1063.0,0,Regular Customers
14413.0,84,1,121.05,1,At-Risk Customers
14414.0,81,1,217.2,1,At-Risk Customers
14415.0,26,3,1581.56,0,Regular Customers
14419.0,87,1,124.1,1,At-Risk Customers
14426.0,35,2,701.17,0,Regular Customers
14428.0,47,1,203.55,0,Regular Customers
14431.0,25,1,470.36,0,Regular Customers
14437.0,88,1,63.0,1,At-Risk Customers
14438.0,28,1,131.9,0,Regular Customers
14439.0,42,1,2661.24,0,Regular Customers
14440.0,39,2,1185.71,0,Regular Customers
14442.0,39,1,675.58,0,Regular Customers
14443.0,32,2,608.4,0,Regular Customers
14447.0,3,1,265.0,0,Regular Customers
14448.0,86,1,102.35,1,At-Risk Customers
14449.0,94,1,210.24,1,At-Risk Customers
14450.0,43,1,161.03,0,Regular Customers
14457.0,33,1,113.64,0,Regular Customers
14460.0,33,1,30.0,0,Regular Customers
14462.0,30,3,444.02,0,Regular Customers
14465.0,25,1,597.3,0,Regular Customers
14466.0,3,3,1035.65,0,Regular Customers
14467.0,34,1,131.7,0,Regular Customers
14470.0,10,1,297.64,0,Regular Customers
14472.0,7,3,944.19,0,Regular Customers
14473.0,4,1,85.0,0,Regular Customers
14475.0,27,1,306.55,0,Regular Customers
14477.0,19,1,165.0,0,Regular Customers
14479.0,87,1,174.4,1,At-Risk Customers
14481.0,9,1,302.86,0,Regular Customers
14483.0,4,1,137.1,0,Regular Customers
14487.0,90,1,125.1,1,At-Risk Customers
14491.0,95,1,127.2,1,At-Risk Customers
14496.0,34,2,538.8100000000001,0,Regular Customers
14497.0,31,1,475.37,0,Regular Customers
14498.0,84,1,166.22,1,At-Risk Customers
14499.0,1,1,122.87,0,Regular Customers
14501.0,42,1,66.93,0,Regular Customers
14502.0,14,2,445.4,0,Regular Customers
14505.0,59,2,1355.66,1,At-Risk Customers
14506.0,5,2,554.16,0,Regular Customers
14513.0,11,1,18.75,0,Regular Customers
14514.0,53,1,255.25,1,At-Risk Customers
14520.0,13,1,165.0,0,Regular Customers
14524.0,3,2,470.05,0,Regular Customers
14525.0,48,2,726.95,0,Regular Customers
14527.0,6,14,2132.14,2,Loyal High-Value Customers
14530.0,19,1,662.86,0,Regular Customers
14532.0,8,3,792.3000000000001,0,Regular Customers
14533.0,75,1,433.5,1,At-Risk Customers
14534.0,19,3,770.73,0,Regular Customers
14540.0,31,1,195.9,0,Regular Customers
14541.0,9,4,832.35,0,Regular Customers
14543.0,18,3,946.25,0,Regular Customers
14544.0,83,1,1101.77,1,At-Risk Customers
14548.0,40,1,326.4,0,Regular Customers
14549.0,33,1,289.24,0,Regular Customers
14553.0,61,1,201.94,1,At-Risk Customers
14555.0,24,1,186.34,0,Regular Customers
14560.0,5,5,704.47,0,Regular Customers
14562.0,11,2,434.7,0,Regular Customers
14565.0,83,1,1167.41,1,At-Risk Customers
14570.0,3,2,218.06,0,Regular Customers
14572.0,46,1,331.03,0,Regular Customers
14573.0,4,3,705.1,0,Regular Customers
14576.0,94,1,35.400000000000006,1,At-Risk Customers
14577.0,85,1,346.90000000000003,1,At-Risk Customers
14587.0,26,3,511.12,0,Regular Customers
14589.0,94,1,39.75,1,At-Risk Customers
14594.0,95,1,255.0,1,At-Risk Customers
14595.0,35,1,163.8,0,Regular Customers
14600.0,28,1,393.33,0,Regular Customers
14606.0,5,27,4013.35,2,Loyal High-Value Customers
14608.0,84,1,204.0,1,At-Risk Customers
14609.0,19,1,144.0,0,Regular Customers
14616.0,7,2,247.68000000000004,0,Regular Customers
14618.0,60,1,211.8,1,At-Risk Customers
14620.0,6,1,235.35,0,Regular Customers
14621.0,80,1,305.7,1,At-Risk Customers
14625.0,83,1,585.53,1,At-Risk Customers
14631.0,21,1,309.5,0,Regular Customers
14639.0,13,2,1235.13,0,Regular Customers
14643.0,80,1,357.94,1,At-Risk Customers
14644.0,20,1,187.50000000000003,0,Regular Customers
14646.0,12,10,57866.02,3,VIP Customers
14653.0,60,1,344.81,1,At-Risk Customers
14656.0,5,1,133.11,0,Regular Customers
14657.0,4,2,524.4,0,Regular Customers
14659.0,20,2,774.97,0,Regular Customers
14662.0,38,1,96.95,0,Regular Customers
14665.0,19,3,731.66,0,Regular Customers
14667.0,14,7,2586.25,0,Regular Customers
14669.0,54,2,837.5,1,At-Risk Customers
14670.0,2,2,392.86,0,Regular Customers
14672.0,58,1,285.28000000000003,1,At-Risk Customers
14673.0,89,1,373.49,1,At-Risk Customers
14676.0,5,1,556.32,0,Regular Customers
14680.0,17,5,8284.12,0,Regular Customers
14684.0,84,1,168.36,1,At-Risk Customers
14688.0,6,6,1700.42,0,Regular Customers
14692.0,21,2,380.85,0,Regular Customers
14696.0,48,2,588.25,0,Regular Customers
14701.0,1,3,892.61,0,Regular Customers
14702.0,3,6,1185.7,0,Regular Customers
14708.0,90,1,419.06,1,At-Risk Customers
14709.0,39,2,722.05,0,Regular Customers
14713.0,45,3,648.09,0,Regular Customers
14715.0,20,2,247.45,0,Regular Customers
14723.0,80,3,455.65,1,At-Risk Customers
14729.0,95,1,313.49,1,At-Risk Customers
14732.0,6,2,673.98,0,Regular Customers
14733.0,25,6,6940.72,0,Regular Customers
14735.0,32,5,1016.85,0,Regular Customers
14737.0,75,1,434.0,1,At-Risk Customers
14738.0,38,1,204.77,0,Regular Customers
14739.0,60,2,943.44,1,At-Risk Customers
14740.0,6,1,521.1,0,Regular Customers
14741.0,84,2,495.3,1,At-Risk Customers
14744.0,20,5,928.03,0,Regular Customers
14745.0,7,1,240.6,0,Regular Customers
14748.0,91,2,470.42,1,At-Risk Customers
14754.0,17,1,228.27,0,Regular Customers
14755.0,18,2,994.48,0,Regular Customers
14760.0,19,1,89.2,0,Regular Customers
14761.0,57,1,97.5,1,At-Risk Customers
14766.0,88,1,180.4,1,At-Risk Customers
14769.0,47,2,870.99,0,Regular Customers
14770.0,45,1,278.6,0,Regular Customers
14775.0,94,1,406.56,1,At-Risk Customers
14776.0,34,1,558.36,0,Regular Customers
14778.0,31,1,334.05,0,Regular Customers
14779.0,2,3,386.15,0,Regular Customers
14782.0,42,1,200.1,0,Regular Customers
14784.0,46,1,114.68,0,Regular Customers
14794.0,56,1,179.1,1,At-Risk Customers
14796.0,3,6,2285.39,0,Regular Customers
14798.0,32,1,75.68,0,Regular Customers
14800.0,57,3,1753.64,1,At-Risk Customers
14803.0,14,1,542.15,0,Regular Customers
14805.0,36,1,109.25,0,Regular Customers
14810.0,8,4,641.74,0,Regular Customers
14813.0,92,2,152.88,1,At-Risk Customers
14821.0,89,1,48.8,1,At-Risk Customers
14825.0,19,3,631.87,0,Regular Customers
14828.0,59,1,582.0,1,At-Risk Customers
14829.0,83,2,385.33,1,At-Risk Customers
14841.0,11,2,991.95,0,Regular Customers
14842.0,30,1,310.0,0,Regular Customers
14849.0,20,8,1428.03,0,Regular Customers
14850.0,34,1,325.75,0,Regular Customers
14865.0,94,1,37.2,1,At-Risk Customers
14866.0,88,1,103.68,1,At-Risk Customers
14867.0,58,1,300.74,1,At-Risk Customers
14871.0,83,1,120.95,1,At-Risk Customers
14878.0,15,2,433.89,0,Regular Customers
14880.0,10,1,129.2,0,Regular Customers
14889.0,58,1,135.9,1,At-Risk Customers
14895.0,12,1,2346.34,0,Regular Customers
14896.0,87,1,257.22,1,At-Risk Customers
14897.0,19,1,175.5,0,Regular Customers
14898.0,24,3,424.05,0,Regular Customers
14901.0,83,3,497.05,1,At-Risk Customers
14903.0,1,1,529.88,0,Regular Customers
14907.0,83,3,960.69,1,At-Risk Customers
14911.0,2,25,15524.09,2,Loyal High-Value Customers
14913.0,81,1,300.87,1,At-Risk Customers
14916.0,46,1,295.05,0,Regular Customers
14932.0,88,1,363.53,1,At-Risk Customers
14934.0,5,1,828.84,0,Regular Customers
14935.0,19,1,1784.71,0,Regular Customers
14944.0,18,2,754.29,0,Regular Customers
14952.0,8,3,2183.83,0,Regular Customers
14959.0,18,1,178.66,0,Regular Customers
14961.0,20,3,2103.03,0,Regular Customers
14970.0,38,1,337.5,0,Regular Customers
14976.0,49,1,155.95,1,At-Risk Customers
14978.0,12,3,1132.4,0,Regular Customers
14985.0,80,1,119.77,1,At-Risk Customers
14987.0,88,1,163.2,1,At-Risk Customers
14995.0,2,1,119.31,0,Regular Customers
15002.0,19,3,1147.59,0,Regular Customers
15005.0,3,5,1102.26,0,Regular Customers
15012.0,95,1,188.56,1,At-Risk Customers
15018.0,90,1,111.25,1,At-Risk Customers
15021.0,89,1,198.09,1,At-Risk Customers
15023.0,47,2,984.35,0,Regular Customers
15024.0,19,3,680.59,0,Regular Customers
15028.0,90,1,185.97,1,At-Risk Customers
15031.0,4,1,150.83,0,Regular Customers
15032.0,88,2,2770.6,1,At-Risk Customers
15033.0,51,1,556.55,1,At-Risk Customers
15034.0,1,3,1650.61,0,Regular Customers
15038.0,92,1,118.88,1,At-Risk Customers
15039.0,7,13,6130.42,2,Loyal High-Value Customers
15044.0,17,7,3168.6,0,Regular Customers
15046.0,8,5,1188.19,0,Regular Customers
15048.0,91,1,98.7,1,At-Risk Customers
15052.0,41,1,207.73,0,Regular Customers
15053.0,4,1,222.65,0,Regular Customers
15057.0,38,1,1131.0,0,Regular Customers
15058.0,22,3,470.57,0,Regular Customers
15059.0,19,3,369.91,0,Regular Customers
15061.0,4,20,23524.14,2,Loyal High-Value Customers
15062.0,7,2,460.98,0,Regular Customers
15065.0,13,1,773.66,0,Regular Customers
15067.0,5,1,848.05,0,Regular Customers
15070.0,95,1,106.2,1,At-Risk Customers
15078.0,9,7,2218.64,0,Regular Customers
15079.0,37,2,509.24,0,Regular Customers
15081.0,89,1,111.15,1,At-Risk Customers
15087.0,4,1,306.94,0,Regular Customers
15090.0,30,1,381.32,0,Regular Customers
15092.0,5,1,323.16,0,Regular Customers
15093.0,9,3,2603.21,0,Regular Customers
15100.0,56,3,876.0,1,At-Risk Customers
15101.0,81,1,102.28,1,At-Risk Customers
15104.0,4,1,374.64,0,Regular Customers
15107.0,33,6,319.5,0,Regular Customers
15110.0,41,1,169.65,0,Regular Customers
15111.0,95,1,288.5,1,At-Risk Customers
15114.0,24,1,259.05,0,Regular Customers
15121.0,10,1,295.15,0,Regular Customers
15122.0,20,1,397.04,0,Regular Customers
15129.0,14,1,355.40000000000003,0,Regular Customers
15133.0,24,1,333.2,0,Regular Customers
15139.0,58,1,122.1,1,At-Risk Customers
15144.0,34,1,378.32,0,Regular Customers
15146.0,13,1,834.22,0,Regular Customers
15157.0,80,1,1085.46,1,At-Risk Customers
15159.0,38,4,2698.12,0,Regular Customers
15160.0,79,1,158.16,1,At-Risk Customers
15164.0,61,1,168.44,1,At-Risk Customers
15165.0,95,1,487.75,1,At-Risk Customers
15167.0,42,1,158.8,0,Regular Customers
15171.0,53,1,1289.5,1,At-Risk Customers
15174.0,45,1,135.75,0,Regular Customers
15179.0,41,1,1285.62,0,Regular Customers
15180.0,89,1,87.5,1,At-Risk Customers
15189.0,4,5,1619.72,0,Regular Customers
15192.0,87,1,315.0,1,At-Risk Customers
15194.0,6,6,2513.73,0,Regular Customers
15197.0,80,1,556.5,1,At-Risk Customers
15199.0,30,1,353.1,0,Regular Customers
15203.0,33,1,211.94,0,Regular Customers
15204.0,79,1,316.58,1,At-Risk Customers
15208.0,75,1,65.4,1,At-Risk Customers
15211.0,87,1,383.07,1,At-Risk Customers
15213.0,40,2,328.35,0,Regular Customers
15218.0,41,1,581.66,0,Regular Customers
15220.0,3,1,316.11,0,Regular Customers
15221.0,88,1,403.25,1,At-Risk Customers
15222.0,41,1,585.0,0,Regular Customers
15224.0,80,2,322.08,1,At-Risk Customers
15226.0,33,1,154.41,0,Regular Customers
15227.0,6,2,625.07,0,Regular Customers
15228.0,17,1,904.85,0,Regular Customers
15235.0,7,9,1460.94,0,Regular Customers
15236.0,21,1,321.05,0,Regular Customers
15240.0,34,1,312.9,0,Regular Customers
15241.0,6,1,395.33,0,Regular Customers
15246.0,81,1,186.0,1,At-Risk Customers
15257.0,5,1,317.15,0,Regular Customers
15260.0,95,2,420.5,1,At-Risk Customers
15262.0,46,1,178.95000000000002,0,Regular Customers
15266.0,60,1,119.3,1,At-Risk Customers
15270.0,24,3,1013.5,0,Regular Customers
15271.0,60,2,364.85,1,At-Risk Customers
15279.0,77,1,290.51,1,At-Risk Customers
15281.0,9,2,1014.57,0,Regular Customers
15288.0,87,1,165.65,1,At-Risk Customers
15290.0,17,4,852.8299999999999,0,Regular Customers
15291.0,48,4,1372.19,0,Regular Customers
15296.0,49,1,1199.33,1,At-Risk Customers
15298.0,47,3,873.08,0,Regular Customers
15299.0,94,3,1835.01,1,At-Risk Customers
15301.0,90,1,673.37,1,At-Risk Customers
15303.0,12,1,574.02,0,Regular Customers
15304.0,4,2,228.6,0,Regular Customers
15311.0,2,28,15185.1,2,Loyal High-Value Customers
15312.0,76,1,289.74,1,At-Risk Customers
15316.0,49,1,165.0,1,At-Risk Customers
15319.0,5,1,204.5,0,Regular Customers
15321.0,14,1,1159.47,0,Regular Customers
15326.0,56,1,311.71,1,At-Risk Customers
15332.0,88,4,1661.06,1,At-Risk Customers
15339.0,40,1,257.9,0,Regular Customers
15346.0,55,1,252.42,1,At-Risk Customers
15347.0,88,1,201.6,1,At-Risk Customers
15350.0,95,1,115.65,1,At-Risk Customers
15351.0,92,1,274.67,1,At-Risk Customers
15353.0,90,1,311.65,1,At-Risk Customers
15356.0,19,3,590.21,0,Regular Customers
15358.0,2,8,3456.9,0,Regular Customers
15361.0,84,1,418.92,1,At-Risk Customers
15363.0,94,1,326.0,1,At-Risk Customers
15365.0,37,1,208.61,0,Regular Customers
15366.0,80,1,105.54,1,At-Risk Customers
15370.0,19,2,754.22,0,Regular Customers
15373.0,12,4,900.0,0,Regular Customers
15379.0,45,3,2682.09,0,Regular Customers
15380.0,87,1,230.1,1,At-Risk Customers
15382.0,18,1,1019.42,0,Regular Customers
15384.0,82,1,303.57,1,At-Risk Customers
15392.0,82,1,338.98,1,At-Risk Customers
15393.0,3,1,124.1,0,Regular Customers
15394.0,80,1,587.66,1,At-Risk Customers
15395.0,47,1,107.45,0,Regular Customers
15397.0,12,1,94.0,0,Regular Customers
15400.0,1,1,346.1,0,Regular Customers
15406.0,23,1,252.29,0,Regular Customers
15407.0,27,1,165.0,0,Regular Customers
15415.0,35,1,559.61,0,Regular Customers
15416.0,5,1,1375.24,0,Regular Customers
15421.0,32,1,295.06,0,Regular Customers
15422.0,45,2,97.7,0,Regular Customers
15426.0,91,1,382.57,1,At-Risk Customers
15443.0,42,1,437.71,0,Regular Customers
15447.0,53,1,155.17,1,At-Risk Customers
15448.0,35,1,494.64,0,Regular Customers
15454.0,84,1,179.1,1,At-Risk Customers
15456.0,5,3,434.59,0,Regular Customers
15460.0,76,1,214.26,1,At-Risk Customers
15464.0,60,1,1044.65,1,At-Risk Customers
15465.0,1,7,2869.16,0,Regular Customers
15482.0,81,2,548.44,1,At-Risk Customers
15485.0,58,2,1268.13,1,At-Risk Customers
15497.0,42,1,970.6,0,Regular Customers
15498.0,42,5,3504.64,0,Regular Customers
15502.0,90,3,929.4,1,At-Risk Customers
15503.0,85,1,141.04,1,At-Risk Customers
15510.0,53,1,250.0,1,At-Risk Customers
15512.0,82,1,101.2,1,At-Risk Customers
15513.0,39,5,2414.26,0,Regular Customers
15514.0,3,5,2116.74,0,Regular Customers
15518.0,40,3,618.95,0,Regular Customers
15525.0,95,1,274.93,1,At-Risk Customers
15527.0,38,2,580.3,0,Regular Customers
15529.0,46,3,570.89,0,Regular Customers
15532.0,80,1,353.8,1,At-Risk Customers
15535.0,49,2,259.04,0,Regular Customers
15543.0,10,1,127.86,0,Regular Customers
15544.0,10,3,1199.12,0,Regular Customers
15545.0,93,1,135.32999999999998,1,At-Risk Customers
15547.0,7,4,1413.83,0,Regular Customers
15549.0,38,1,930.3,0,Regular Customers
15550.0,23,1,137.89999999999998,0,Regular Customers
15555.0,83,3,989.82,1,At-Risk Customers
15562.0,74,1,134.55,1,At-Risk Customers
15563.0,81,1,270.19,1,At-Risk Customers
15569.0,54,1,288.5,1,At-Risk Customers
15570.0,6,6,1967.39,0,Regular Customers
15574.0,80,3,563.54,1,At-Risk Customers
15577.0,27,1,29.65,0,Regular Customers
15579.0,36,1,195.35,0,Regular Customers
15581.0,76,4,323.86,1,At-Risk Customers
15587.0,74,1,344.88,1,At-Risk Customers
15589.0,33,1,184.95,0,Regular Customers
15596.0,3,3,1080.5,0,Regular Customers
15601.0,17,7,3790.2,0,Regular Customers
15602.0,34,4,404.75,0,Regular Customers
15605.0,12,2,377.6,0,Regular Customers
15606.0,1,4,1194.67,0,Regular Customers
15607.0,58,1,104.76,1,At-Risk Customers
15611.0,3,2,204.0,0,Regular Customers
15615.0,20,5,2435.1,0,Regular Customers
15620.0,80,1,424.49,1,At-Risk Customers
15622.0,4,1,576.0,0,Regular Customers
15626.0,52,1,281.88,1,At-Risk Customers
15628.0,89,1,319.18,1,At-Risk Customers
15636.0,4,1,306.7,0,Regular Customers
15640.0,21,5,4278.38,0,Regular Customers
15641.0,4,2,762.16,0,Regular Customers
15643.0,4,1,337.1,0,Regular Customers
15646.0,94,1,189.8,1,At-Risk Customers
15649.0,58,2,816.0,1,At-Risk Customers
15656.0,6,1,242.95,0,Regular Customers
15658.0,32,2,576.4000000000001,0,Regular Customers
15660.0,5,2,364.3,0,Regular Customers
15661.0,39,2,309.8,0,Regular Customers
15670.0,19,1,173.05,0,Regular Customers
15673.0,49,1,880.26,1,At-Risk Customers
15675.0,2,1,45.0,0,Regular Customers
15676.0,6,1,897.8,0,Regular Customers
15680.0,88,1,478.89,1,At-Risk Customers
15681.0,2,1,345.68,0,Regular Customers
15687.0,11,3,1032.55,0,Regular Customers
15689.0,84,1,103.5,1,At-Risk Customers
15694.0,53,4,1245.12,0,Regular Customers
15696.0,37,3,777.51,0,Regular Customers
15708.0,8,4,1513.36,0,Regular Customers
15709.0,6,1,133.25,0,Regular Customers
15712.0,10,1,299.8,0,Regular Customers
15713.0,88,1,171.15,1,At-Risk Customers
15716.0,91,1,529.4,1,At-Risk Customers
15719.0,4,3,1042.7,0,Regular Customers
15722.0,12,1,324.05,0,Regular Customers
15723.0,87,1,190.7,1,At-Risk Customers
15724.0,7,1,103.65,0,Regular Customers
15727.0,53,2,2071.7,1,At-Risk Customers
15732.0,94,1,138.1,1,At-Risk Customers
15733.0,5,1,162.3,0,Regular Customers
15738.0,8,4,1285.14,0,Regular Customers
15749.0,54,2,22998.4,0,Regular Customers
15750.0,5,3,610.92,0,Regular Customers
15752.0,95,1,259.65000000000003,1,At-Risk Customers
15753.0,26,1,79.2,0,Regular Customers
15755.0,17,1,314.68,0,Regular Customers
15759.0,19,2,185.04,0,Regular Customers
15769.0,10,5,10189.08,0,Regular Customers
15777.0,40,3,753.15,0,Regular Customers
15780.0,80,1,177.15,1,At-Risk Customers
15781.0,28,1,83.35,0,Regular Customers
15785.0,17,1,928.58,0,Regular Customers
15789.0,80,1,351.3,1,At-Risk Customers
15796.0,24,1,343.92,0,Regular Customers
15797.0,27,2,1510.2,0,Regular Customers
15799.0,56,1,320.22,1,At-Risk Customers
15805.0,11,2,924.56,0,Regular Customers
15808.0,28,4,3651.27,0,Regular Customers
15809.0,25,1,198.8,0,Regular Customers
15810.0,19,1,377.32,0,Regular Customers
15811.0,20,3,897.33,0,Regular Customers
15812.0,40,1,244.8,0,Regular Customers
15820.0,42,1,206.98,0,Regular Customers
15822.0,81,1,440.2,1,At-Risk Customers
15823.0,94,1,15.0,1,At-Risk Customers
15827.0,3,7,734.28,0,Regular Customers
15831.0,46,1,309.94,0,Regular Customers
15835.0,53,1,301.11,1,At-Risk Customers
15838.0,33,2,1235.0,0,Regular Customers
15841.0,61,1,331.6,1,At-Risk Customers
15843.0,26,1,118.95000000000002,0,Regular Customers
15845.0,10,2,1232.58,0,Regular Customers
15847.0,10,1,180.68,0,Regular Customers
15854.0,33,3,747.3000000000001,0,Regular Customers
15856.0,23,4,4360.21,0,Regular Customers
15858.0,11,2,816.22,0,Regular Customers
15860.0,91,1,102.66,1,At-Risk Customers
15862.0,96,1,354.23,1,At-Risk Customers
15864.0,38,1,242.42,0,Regular Customers
15867.0,18,6,1068.87,0,Regular Customers
15874.0,6,1,584.35,0,Regular Customers
15880.0,91,1,329.03000000000003,1,At-Risk Customers
15881.0,34,5,501.39,0,Regular Customers
15882.0,90,2,371.3200000000001,1,At-Risk Customers
15885.0,31,1,15.0,0,Regular Customers
15889.0,91,1,272.07,1,At-Risk Customers
15894.0,91,1,151.44,1,At-Risk Customers
15898.0,89,2,516.64,1,At-Risk Customers
15899.0,91,1,56.25,1,At-Risk Customers
15903.0,17,1,161.28,0,Regular Customers
15910.0,11,2,310.9,0,Regular Customers
15916.0,52,3,575.0600000000001,0,Regular Customers
15919.0,91,1,214.08,1,At-Risk Customers
15922.0,95,1,369.5,1,At-Risk Customers
15923.0,95,1,127.08,1,At-Risk Customers
15932.0,11,1,317.73,0,Regular Customers
15938.0,46,1,74.9,0,Regular Customers
15939.0,9,4,1364.1,0,Regular Customers
15940.0,33,1,35.8,0,Regular Customers
15945.0,87,1,181.0,1,At-Risk Customers
15950.0,82,1,428.8200000000001,1,At-Risk Customers
15951.0,8,1,375.17,0,Regular Customers
15953.0,5,3,652.12,0,Regular Customers
15955.0,95,1,572.38,1,At-Risk Customers
15965.0,89,1,156.19,1,At-Risk Customers
15967.0,41,1,161.9,0,Regular Customers
15970.0,26,1,314.1,0,Regular Customers
15971.0,6,2,879.0,0,Regular Customers
15973.0,89,1,307.82000000000005,1,At-Risk Customers
15974.0,11,1,769.24,0,Regular Customers
15981.0,33,1,270.0,0,Regular Customers
15983.0,82,3,1138.37,1,At-Risk Customers
15984.0,5,4,563.14,0,Regular Customers
15987.0,91,1,113.48,1,At-Risk Customers
15990.0,9,1,401.37,0,Regular Customers
15996.0,7,2,473.34,0,Regular Customers
15998.0,84,1,863.39,1,At-Risk Customers
16003.0,82,1,1181.0,1,At-Risk Customers
16010.0,85,1,110.1,1,At-Risk Customers
16011.0,12,4,745.69,0,Regular Customers
16013.0,24,12,7371.2,2,Loyal High-Value Customers
16014.0,13,1,253.63,0,Regular Customers
16016.0,88,1,363.02,1,At-Risk Customers
16019.0,19,4,1953.5,0,Regular Customers
16027.0,6,2,399.72,0,Regular Customers
16029.0,14,15,19452.27,2,Loyal High-Value Customers
16030.0,32,1,331.24,0,Regular Customers
16033.0,27,5,1260.6,0,Regular Customers
16034.0,55,1,153.6,1,At-Risk Customers
16037.0,27,2,603.46,0,Regular Customers
16042.0,54,1,24.95,1,At-Risk Customers
16043.0,40,1,307.85,0,Regular Customers
16045.0,12,1,664.45,0,Regular Customers
16048.0,95,2,256.44,1,At-Risk Customers
16057.0,7,1,683.98,0,Regular Customers
16059.0,49,2,259.5,0,Regular Customers
16062.0,87,1,247.56,1,At-Risk Customers
16065.0,87,1,367.14,1,At-Risk Customers
16072.0,10,1,584.3199999999999,0,Regular Customers
16073.0,19,1,122.4,0,Regular Customers
16078.0,6,1,79.2,0,Regular Customers
16081.0,89,1,157.6,1,At-Risk Customers
16083.0,83,1,337.98,1,At-Risk Customers
16084.0,21,1,436.18,0,Regular Customers
16085.0,43,1,181.35,0,Regular Customers
16086.0,11,2,278.45,0,Regular Customers
16098.0,21,2,852.4,0,Regular Customers
16109.0,30,1,314.99999999999994,0,Regular Customers
16110.0,33,1,404.0,0,Regular Customers
16112.0,55,2,136.14,1,At-Risk Customers
16115.0,15,1,138.83,0,Regular Customers
16122.0,55,2,249.84,1,At-Risk Customers
16124.0,39,1,249.0,0,Regular Customers
16125.0,89,1,289.35,1,At-Risk Customers
16126.0,19,1,891.35,0,Regular Customers
16128.0,4,1,388.3,0,Regular Customers
16133.0,10,2,630.91,0,Regular Customers
16134.0,81,1,283.53000000000003,1,At-Risk Customers
16140.0,93,1,124.14,1,At-Risk Customers
16143.0,25,3,1212.85,0,Regular Customers
16145.0,11,3,978.92,0,Regular Customers
16148.0,18,1,76.32000000000001,0,Regular Customers
16150.0,94,1,393.42,1,At-Risk Customers
16153.0,77,1,215.01,1,At-Risk Customers
16156.0,33,1,303.84000000000003,0,Regular Customers
16159.0,3,1,348.2,0,Regular Customers
16161.0,12,7,1315.94,0,Regular Customers
16163.0,87,1,441.6,1,At-Risk Customers
16168.0,41,2,403.5,0,Regular Customers
16182.0,17,1,825.0,0,Regular Customers
16186.0,94,1,307.68,1,At-Risk Customers
16187.0,6,2,675.9000000000001,0,Regular Customers
16191.0,23,7,2019.28,0,Regular Customers
16202.0,83,1,365.27,1,At-Risk Customers
16203.0,94,1,170.7,1,At-Risk Customers
16206.0,50,1,161.3,1,At-Risk Customers
16208.0,11,1,497.59,0,Regular Customers
16210.0,32,6,8876.94,0,Regular Customers
16212.0,5,1,498.15,0,Regular Customers
16217.0,4,1,183.0,0,Regular Customers
16218.0,96,1,471.3,1,At-Risk Customers
16221.0,89,1,166.74,1,At-Risk Customers
16222.0,40,1,773.5500000000001,0,Regular Customers
16233.0,52,2,326.5,1,At-Risk Customers
16235.0,18,2,344.46,0,Regular Customers
16241.0,61,2,436.38,1,At-Risk Customers
16244.0,95,1,1056.63,1,At-Risk Customers
16250.0,96,1,226.14,1,At-Risk Customers
16255.0,27,3,893.21,0,Regular Customers
16265.0,16,4,2442.84,0,Regular Customers
16270.0,75,1,1141.24,1,At-Risk Customers
16271.0,80,1,133.22,1,At-Risk Customers
16274.0,95,1,351.75,1,At-Risk Customers
16282.0,62,1,168.3,1,At-Risk Customers
16293.0,89,1,378.75,1,At-Risk Customers
16303.0,55,1,827.1800000000001,1,At-Risk Customers
16306.0,16,5,594.47,0,Regular Customers
16315.0,53,1,226.37,1,At-Risk Customers
16316.0,80,1,308.22,1,At-Risk Customers
16317.0,19,1,570.76,0,Regular Customers
16321.0,27,3,223.65,0,Regular Customers
16326.0,36,2,425.18,0,Regular Customers
16327.0,38,2,1158.22,0,Regular Customers
16332.0,27,1,122.3,0,Regular Customers
16333.0,2,4,4428.96,0,Regular Customers
16339.0,6,1,94.05,0,Regular Customers
16349.0,12,1,53.5,0,Regular Customers
16350.0,56,1,376.7,1,At-Risk Customers
16351.0,55,1,153.9,1,At-Risk Customers
16353.0,17,8,1295.2,0,Regular Customers
16359.0,25,2,301.65,0,Regular Customers
16365.0,81,2,368.46,1,At-Risk Customers
16367.0,85,1,167.09,1,At-Risk Customers
16378.0,19,2,287.05,0,Regular Customers
16385.0,88,1,147.20000000000002,1,At-Risk Customers
16387.0,45,1,94.36,0,Regular Customers
16389.0,5,1,119.65,0,Regular Customers
16393.0,17,3,505.6,0,Regular Customers
16394.0,12,1,312.41,0,Regular Customers
16395.0,46,2,450.56,0,Regular Customers
16401.0,16,2,665.8,0,Regular Customers
16402.0,91,1,205.65,1,At-Risk Customers
16403.0,34,1,177.5,0,Regular Customers
16405.0,24,2,167.25,0,Regular Customers
16407.0,8,3,535.39,0,Regular Customers
16409.0,39,1,271.56,0,Regular Customers
16411.0,91,1,128.55,1,At-Risk Customers
16414.0,2,1,50.8,0,Regular Customers
16419.0,33,1,252.66,0,Regular Customers
16422.0,7,13,6781.31,2,Loyal High-Value Customers
16425.0,24,1,302.7,0,Regular Customers
16427.0,6,1,109.8,0,Regular Customers
16431.0,19,2,334.6,0,Regular Customers
16434.0,22,1,393.5,0,Regular Customers
16441.0,13,1,211.0,0,Regular Customers
16442.0,83,1,147.06,1,At-Risk Customers
16449.0,3,1,416.69,0,Regular Customers
16455.0,83,3,531.98,1,At-Risk Customers
16456.0,29,2,1236.49,0,Regular Customers
16458.0,6,3,567.4,0,Regular Customers
16462.0,6,1,34.0,0,Regular Customers
16466.0,15,1,109.12,0,Regular Customers
16470.0,81,1,216.34,1,At-Risk Customers
16473.0,9,2,217.81,0,Regular Customers
16477.0,42,3,961.71,0,Regular Customers
16493.0,7,2,367.8,0,Regular Customers
16494.0,18,1,826.53,0,Regular Customers
16496.0,39,1,736.7,0,Regular Customers
16497.0,40,2,512.38,0,Regular Customers
16499.0,82,2,365.45,1,At-Risk Customers
16500.0,53,1,165.0,1,At-Risk Customers
16503.0,52,2,841.79,1,At-Risk Customers
16509.0,19,1,363.7,0,Regular Customers
16510.0,94,1,248.1,1,At-Risk Customers
16515.0,33,1,319.86,0,Regular Customers
16518.0,6,1,190.7,0,Regular Customers
16519.0,87,1,103.7,1,At-Risk Customers
16520.0,87,1,325.76,1,At-Risk Customers
16523.0,38,1,743.9,0,Regular Customers
16525.0,5,7,3064.13,0,Regular Customers
16531.0,16,3,484.83,0,Regular Customers
16532.0,60,1,1910.4,1,At-Risk Customers
16539.0,80,2,747.25,1,At-Risk Customers
16546.0,13,2,787.15,0,Regular Customers
16549.0,56,1,119.49,1,At-Risk Customers
16550.0,90,1,554.66,1,At-Risk Customers
16551.0,59,1,311.07,1,At-Risk Customers
16552.0,95,1,95.29,1,At-Risk Customers
16553.0,27,3,1945.44,0,Regular Customers
16554.0,53,1,0.85,1,At-Risk Customers
16556.0,17,2,950.99,0,Regular Customers
16558.0,24,4,1445.86,0,Regular Customers
16560.0,80,1,332.18,1,At-Risk Customers
16565.0,86,1,173.7,1,At-Risk Customers
16566.0,15,1,94.9,0,Regular Customers
16567.0,59,1,557.5600000000001,1,At-Risk Customers
16570.0,34,1,450.06,0,Regular Customers
16571.0,4,1,436.68,0,Regular Customers
16573.0,12,1,292.63,0,Regular Customers
16583.0,96,1,233.45,1,At-Risk Customers
16592.0,10,1,455.28,0,Regular Customers
16593.0,50,1,69.6,1,At-Risk Customers
16596.0,88,1,120.65,1,At-Risk Customers
16598.0,8,1,145.04999999999998,0,Regular Customers
16600.0,61,1,125.86,1,At-Risk Customers
16607.0,6,4,1102.78,0,Regular Customers
16612.0,34,1,280.05,0,Regular Customers
16618.0,45,1,728.16,0,Regular Customers
16634.0,94,1,164.8,1,At-Risk Customers
16638.0,13,4,741.89,0,Regular Customers
16654.0,90,1,227.4,1,At-Risk Customers
16655.0,54,1,812.25,1,At-Risk Customers
16656.0,14,3,1398.3200000000002,0,Regular Customers
16658.0,90,1,123.24,1,At-Risk Customers
16660.0,41,1,282.6,0,Regular Customers
16665.0,84,1,135.39999999999998,1,At-Risk Customers
16667.0,6,1,200.4,0,Regular Customers
16668.0,6,1,50.76,0,Regular Customers
16670.0,5,4,1393.84,0,Regular Customers
16676.0,59,1,464.82,1,At-Risk Customers
16678.0,5,1,312.18,0,Regular Customers
16679.0,88,1,129.75,1,At-Risk Customers
16684.0,18,6,9811.98,0,Regular Customers
16686.0,28,2,687.91,0,Regular Customers
16692.0,11,1,8.5,0,Regular Customers
16700.0,19,3,1278.3,0,Regular Customers
16701.0,20,3,1222.62,0,Regular Customers
16705.0,33,3,3620.83,0,Regular Customers
16709.0,4,1,1120.53,0,Regular Customers
16710.0,82,2,519.9200000000001,1,At-Risk Customers
16711.0,24,2,598.8000000000001,0,Regular Customers
16713.0,17,4,1616.12,0,Regular Customers
16714.0,39,2,1114.06,0,Regular Customers
16716.0,33,1,734.4000000000001,0,Regular Customers
16717.0,88,1,307.25,1,At-Risk Customers
16718.0,91,1,606.0500000000001,1,At-Risk Customers
16719.0,11,3,752.51,0,Regular Customers
16722.0,10,3,1113.88,0,Regular Customers
16725.0,24,7,758.27,0,Regular Customers
16726.0,16,3,585.76,0,Regular Customers
16727.0,86,1,256.32,1,At-Risk Customers
16730.0,41,1,187.02,0,Regular Customers
16735.0,56,1,607.21,1,At-Risk Customers
16738.0,20,1,3.75,0,Regular Customers
16743.0,81,1,430.28,1,At-Risk Customers
16745.0,7,4,1225.92,0,Regular Customers
16746.0,15,3,1245.34,0,Regular Customers
16748.0,31,2,609.8,0,Regular Customers
16752.0,95,1,207.5,1,At-Risk Customers
16754.0,94,1,2002.4,1,At-Risk Customers
16755.0,38,1,316.06,0,Regular Customers
16757.0,41,1,106.83,0,Regular Customers
16765.0,16,1,34.0,0,Regular Customers
16767.0,38,1,1866.02,0,Regular Customers
16770.0,35,3,527.75,0,Regular Customers
16771.0,32,2,947.42,0,Regular Customers
16775.0,13,3,577.1,0,Regular Customers
16779.0,26,6,2066.15,0,Regular Customers
16781.0,94,1,311.25,1,At-Risk Customers
16782.0,39,3,905.64,0,Regular Customers
16791.0,54,1,246.98,1,At-Risk Customers
16792.0,4,2,110.38,0,Regular Customers
16795.0,87,1,414.88,1,At-Risk Customers
16805.0,82,1,214.77,1,At-Risk Customers
16812.0,82,1,479.35,1,At-Risk Customers
16814.0,16,7,2120.11,0,Regular Customers
16816.0,35,2,325.45,0,Regular Customers
16817.0,82,2,367.3,1,At-Risk Customers
16833.0,56,1,309.48,1,At-Risk Customers
16835.0,95,1,81.75,1,At-Risk Customers
16838.0,10,1,392.12,0,Regular Customers
16839.0,5,7,3298.65,0,Regular Customers
16841.0,9,1,317.38,0,Regular Customers
16842.0,24,1,520.5699999999999,0,Regular Customers
16843.0,13,2,1999.46,0,Regular Customers
16850.0,56,1,332.41,1,At-Risk Customers
16858.0,91,1,375.69000000000005,1,At-Risk Customers
16863.0,89,1,164.25,1,At-Risk Customers
16873.0,86,1,2157.64,1,At-Risk Customers
16875.0,18,3,805.09,0,Regular Customers
16882.0,39,1,9.9,0,Regular Customers
16883.0,94,1,128.03,1,At-Risk Customers
16885.0,79,1,177.95,1,At-Risk Customers
16889.0,59,1,523.05,1,At-Risk Customers
16891.0,94,1,217.26,1,At-Risk Customers
16893.0,89,1,145.93,1,At-Risk Customers
16897.0,21,2,289.78,0,Regular Customers
16898.0,90,1,112.08,1,At-Risk Customers
16899.0,82,1,170.55,1,At-Risk Customers
16904.0,20,4,632.4100000000001,0,Regular Customers
16905.0,94,1,254.4,1,At-Risk Customers
16907.0,12,2,409.75,0,Regular Customers
16912.0,13,3,737.84,0,Regular Customers
16913.0,12,1,113.44,0,Regular Customers
16915.0,6,1,54.3,0,Regular Customers
16916.0,94,1,196.43,1,At-Risk Customers
16918.0,39,1,275.78,0,Regular Customers
16919.0,82,2,540.01,1,At-Risk Customers
16923.0,1,4,1864.34,0,Regular Customers
16926.0,93,1,230.25,1,At-Risk Customers
16927.0,84,1,218.1,1,At-Risk Customers
16928.0,24,3,330.0,0,Regular Customers
16931.0,14,4,882.19,0,Regular Customers
16938.0,31,1,267.6,0,Regular Customers
16940.0,11,1,757.68,0,Regular Customers
16943.0,40,1,451.03,0,Regular Customers
16945.0,27,3,780.64,0,Regular Customers
16948.0,48,1,69.6,1,At-Risk Customers
16949.0,39,1,74.42,0,Regular Customers
16950.0,89,1,172.0,1,At-Risk Customers
16951.0,26,1,1053.79,0,Regular Customers
16954.0,82,1,346.79999999999995,1,At-Risk Customers
16955.0,58,3,354.98,1,At-Risk Customers
16957.0,4,1,114.84,0,Regular Customers
16979.0,20,1,347.15,0,Regular Customers
16980.0,13,1,681.86,0,Regular Customers
16983.0,42,2,358.75,0,Regular Customers
16985.0,36,2,1273.56,0,Regular Customers
16992.0,7,1,421.6,0,Regular Customers
16996.0,75,2,127.54000000000002,1,At-Risk Customers
16997.0,10,3,702.0,0,Regular Customers
16998.0,26,1,90.0,0,Regular Customers
17001.0,3,3,1106.09,0,Regular Customers
17002.0,13,1,513.06,0,Regular Customers
17007.0,79,2,207.12,1,At-Risk Customers
17017.0,10,6,2885.96,0,Regular Customers
17018.0,48,1,405.0,1,At-Risk Customers
17019.0,53,2,629.91,1,At-Risk Customers
17025.0,95,2,160.97,1,At-Risk Customers
17026.0,91,1,33.15,1,At-Risk Customers
17027.0,5,3,433.23,0,Regular Customers
17033.0,81,1,307.8,1,At-Risk Customers
17034.0,10,1,141.79999999999998,0,Regular Customers
17035.0,33,1,259.51,0,Regular Customers
17041.0,83,1,304.5,1,At-Risk Customers
17048.0,5,2,760.4,0,Regular Customers
17050.0,14,2,660.94,0,Regular Customers
17059.0,91,1,722.36,1,At-Risk Customers
17062.0,36,4,533.33,0,Regular Customers
17063.0,11,2,319.37,0,Regular Customers
17064.0,49,1,143.95,1,At-Risk Customers
17068.0,6,5,1037.85,0,Regular Customers
17069.0,77,2,583.2,1,At-Risk Customers
17071.0,32,1,308.55,0,Regular Customers
17075.0,13,2,562.6,0,Regular Customers
17076.0,87,1,151.5,1,At-Risk Customers
17082.0,40,1,636.94,0,Regular Customers
17083.0,18,2,996.02,0,Regular Customers
17085.0,21,3,970.15,0,Regular Customers
17090.0,10,2,462.0,0,Regular Customers
17091.0,47,2,888.15,0,Regular Customers
17094.0,44,1,302.0,0,Regular Customers
17095.0,21,2,543.96,0,Regular Customers
17097.0,46,2,287.64,0,Regular Customers
17105.0,28,1,319.4,0,Regular Customers
17114.0,19,2,268.54,0,Regular Customers
17117.0,10,1,116.2,0,Regular Customers
17118.0,40,1,157.02,0,Regular Customers
17126.0,22,2,501.67,0,Regular Customers
17128.0,57,1,157.09,1,At-Risk Customers
17135.0,12,2,500.55,0,Regular Customers
17139.0,11,1,2639.38,0,Regular Customers
17146.0,81,1,298.25,1,At-Risk Customers
17147.0,34,1,409.5,0,Regular Customers
17158.0,82,1,413.79,1,At-Risk Customers
17162.0,27,1,424.41,0,Regular Customers
17165.0,6,1,158.68,0,Regular Customers
17171.0,11,1,224.91,0,Regular Customers
17175.0,18,1,519.08,0,Regular Customers
17179.0,83,1,243.0,1,At-Risk Customers
17180.0,38,1,245.44,0,Regular Customers
17181.0,95,1,155.52,1,At-Risk Customers
17188.0,37,3,1424.44,0,Regular Customers
17189.0,81,1,226.57,1,At-Risk Customers
17191.0,2,4,820.88,0,Regular Customers
17194.0,83,1,252.62,1,At-Risk Customers
17198.0,87,2,521.66,1,At-Risk Customers
17211.0,75,3,779.71,1,At-Risk Customers
17213.0,38,3,936.95,0,Regular Customers
17214.0,14,3,453.1,0,Regular Customers
17218.0,56,4,770.63,1,At-Risk Customers
17220.0,35,2,637.5,0,Regular Customers
17223.0,32,2,416.89,0,Regular Customers
17226.0,31,1,393.49,0,Regular Customers
17227.0,91,1,142.25,1,At-Risk Customers
17228.0,34,3,479.38,0,Regular Customers
17230.0,33,7,3435.01,0,Regular Customers
17231.0,20,3,699.88,0,Regular Customers
17235.0,94,1,341.9,1,At-Risk Customers
17236.0,22,3,445.37,0,Regular Customers
17238.0,44,3,508.64,0,Regular Customers
17239.0,35,1,382.5,0,Regular Customers
17243.0,1,8,2044.2,0,Regular Customers
17251.0,85,1,269.83,1,At-Risk Customers
17255.0,21,1,108.26,0,Regular Customers
17256.0,34,1,127.9,0,Regular Customers
17259.0,90,1,367.95,1,At-Risk Customers
17262.0,88,1,268.86,1,At-Risk Customers
17277.0,44,1,717.02,0,Regular Customers
17282.0,22,1,723.9,0,Regular Customers
17284.0,58,1,716.11,1,At-Risk Customers
17287.0,89,2,222.7,1,At-Risk Customers
17288.0,17,3,290.52,0,Regular Customers
17291.0,30,1,550.8000000000001,0,Regular Customers
17293.0,30,2,469.35,0,Regular Customers
17302.0,28,1,182.85,0,Regular Customers
17303.0,83,1,250.04,1,At-Risk Customers
17306.0,18,3,1674.88,0,Regular Customers
17311.0,39,1,556.46,0,Regular Customers
17314.0,34,2,566.2,0,Regular Customers
17315.0,3,8,1178.2,0,Regular Customers
17320.0,90,1,450.92,1,At-Risk Customers
17323.0,14,1,141.69,0,Regular Customers
17324.0,54,2,702.23,1,At-Risk Customers
17325.0,2,1,96.8,0,Regular Customers
17329.0,37,1,243.36,0,Regular Customers
17334.0,24,2,307.02,0,Regular Customers
17337.0,32,1,989.38,0,Regular Customers
17338.0,13,3,2638.6,0,Regular Customers
17339.0,87,1,60.0,1,At-Risk Customers
17340.0,76,2,4360.39,1,At-Risk Customers
17341.0,88,1,416.61,1,At-Risk Customers
17343.0,77,1,193.64,1,At-Risk Customers
17346.0,21,3,337.96,0,Regular Customers
17348.0,20,1,160.15,0,Regular Customers
17356.0,34,1,178.22,0,Regular Customers
17358.0,25,2,360.81,0,Regular Customers
17361.0,14,1,45.0,0,Regular Customers
17362.0,32,1,150.0,0,Regular Customers
17364.0,11,2,924.39,0,Regular Customers
17365.0,55,2,742.66,1,At-Risk Customers
17368.0,53,2,694.0,1,At-Risk Customers
17371.0,83,1,92.14,1,At-Risk Customers
17372.0,39,3,528.9300000000001,0,Regular Customers
17373.0,35,1,145.25,0,Regular Customers
17374.0,3,1,191.95,0,Regular Customers
17375.0,34,2,286.37,0,Regular Customers
17376.0,33,1,105.85,0,Regular Customers
17377.0,10,5,1133.83,0,Regular Customers
17381.0,17,8,7179.46,0,Regular Customers
17388.0,9,1,381.6,0,Regular Customers
17389.0,4,6,898.92,0,Regular Customers
17392.0,28,2,417.27,0,Regular Customers
17396.0,94,1,397.5,1,At-Risk Customers
17400.0,75,1,424.17,1,At-Risk Customers
17402.0,51,3,571.87,0,Regular Customers
17404.0,38,3,6773.06,0,Regular Customers
17406.0,55,3,2184.42,1,At-Risk Customers
17412.0,25,3,589.12,0,Regular Customers
17416.0,3,1,2114.71,0,Regular Customers
17418.0,46,1,167.39,0,Regular Customers
17419.0,17,4,1037.47,0,Regular Customers
17420.0,96,1,130.85,1,At-Risk Customers
17422.0,18,1,321.25,0,Regular Customers
17426.0,4,1,1193.88,0,Regular Customers
17428.0,12,6,3110.12,0,Regular Customers
17430.0,87,1,112.6,1,At-Risk Customers
17431.0,35,1,403.3,0,Regular Customers
17442.0,12,1,440.83,0,Regular Customers
17446.0,32,1,68.10000000000001,0,Regular Customers
17449.0,5,2,1022.6,0,Regular Customers
17450.0,55,5,20649.04,2,Loyal High-Value Customers
17454.0,21,2,298.1,0,Regular Customers
17456.0,87,1,249.86,1,At-Risk Customers
17457.0,31,2,717.0600000000001,0,Regular Customers
17460.0,40,3,203.8,0,Regular Customers
17462.0,6,1,463.41,0,Regular Customers
17463.0,35,1,691.46,0,Regular Customers
17470.0,90,1,178.4,1,At-Risk Customers
17472.0,10,2,438.27,0,Regular Customers
17491.0,48,2,632.9200000000001,0,Regular Customers
17496.0,81,1,271.05,1,At-Risk Customers
17499.0,12,1,622.88,0,Regular Customers
17504.0,11,2,787.43,0,Regular Customers
17507.0,31,1,340.56,0,Regular Customers
17508.0,3,1,387.31,0,Regular Customers
17511.0,12,6,18356.86,2,Loyal High-Value Customers
17512.0,13,3,651.21,0,Regular Customers
17515.0,40,1,231.48,0,Regular Customers
17516.0,7,2,324.63,0,Regular Customers
17517.0,31,1,153.94,0,Regular Customers
17519.0,90,1,335.3,1,At-Risk Customers
17524.0,83,1,145.0,1,At-Risk Customers
17525.0,82,1,422.7000000000001,1,At-Risk Customers
17526.0,13,3,872.8,0,Regular Customers
17530.0,19,2,645.33,0,Regular Customers
17535.0,2,1,164.4,0,Regular Customers
17537.0,25,1,620.75,0,Regular Customers
17540.0,38,1,268.8,0,Regular Customers
17551.0,81,1,290.34,1,At-Risk Customers
17552.0,94,2,298.52,1,At-Risk Customers
17555.0,56,1,195.45,1,At-Risk Customers
17560.0,33,1,162.1,0,Regular Customers
17567.0,4,3,1478.18,0,Regular Customers
17569.0,54,1,344.14,1,At-Risk Customers
17571.0,20,1,282.7,0,Regular Customers
17572.0,95,1,70.80000000000001,1,At-Risk Customers
17576.0,4,6,720.39,0,Regular Customers
17580.0,34,2,168.02,0,Regular Customers
17581.0,3,6,2064.98,0,Regular Customers
17585.0,60,1,417.81,1,At-Risk Customers
17591.0,20,3,845.41,0,Regular Customers
17593.0,75,1,662.9,1,At-Risk Customers
17596.0,90,1,390.97,1,At-Risk Customers
17602.0,46,1,767.0500000000001,0,Regular Customers
17604.0,34,1,136.24,0,Regular Customers
17609.0,24,2,531.25,0,Regular Customers
17611.0,42,3,1053.17,0,Regular Customers
17612.0,20,1,305.46,0,Regular Customers
17613.0,11,2,897.51,0,Regular Customers
17616.0,90,1,326.4,1,At-Risk Customers
17618.0,84,1,278.98,1,At-Risk Customers
17619.0,34,1,214.37,0,Regular Customers
17621.0,34,2,901.78,0,Regular Customers
17629.0,82,1,238.65,1,At-Risk Customers
17634.0,59,1,785.65,1,At-Risk Customers
17643.0,95,1,101.55,1,At-Risk Customers
17646.0,4,2,596.85,0,Regular Customers
17652.0,3,1,222.3,0,Regular Customers
17655.0,7,3,1296.7,0,Regular Customers
17659.0,21,3,474.95,0,Regular Customers
17663.0,9,1,371.39,0,Regular Customers
17667.0,21,1,928.05,0,Regular Customers
17671.0,87,1,394.18,1,At-Risk Customers
17672.0,31,1,1177.84,0,Regular Customers
17673.0,42,1,402.42,0,Regular Customers
17674.0,91,1,300.66,1,At-Risk Customers
17675.0,11,6,3646.74,0,Regular Customers
17676.0,88,1,300.7,1,At-Risk Customers
17677.0,24,6,2711.1,0,Regular Customers
17682.0,90,1,391.5,1,At-Risk Customers
17685.0,30,4,1186.22,0,Regular Customers
17686.0,25,1,1592.61,0,Regular Customers
17690.0,48,5,1570.65,0,Regular Customers
17691.0,80,2,290.40000000000003,1,At-Risk Customers
17692.0,27,2,453.96,0,Regular Customers
17696.0,87,2,175.6,1,At-Risk Customers
17700.0,3,1,602.61,0,Regular Customers
17705.0,24,1,136.3,0,Regular Customers
17706.0,12,4,888.85,0,Regular Customers
17707.0,58,1,83.7,1,At-Risk Customers
17708.0,47,1,106.85,0,Regular Customers
17711.0,12,1,220.53000000000003,0,Regular Customers
17714.0,43,1,153.0,0,Regular Customers
17720.0,90,1,102.0,1,At-Risk Customers
17722.0,47,2,1743.58,0,Regular Customers
17730.0,20,2,687.04,0,Regular Customers
17732.0,95,1,303.97,1,At-Risk Customers
17735.0,10,3,1896.02,0,Regular Customers
17738.0,4,1,779.92,0,Regular Customers
17739.0,55,2,682.59,1,At-Risk Customers
17742.0,55,1,302.57,1,At-Risk Customers
17744.0,45,3,1008.4,0,Regular Customers
17752.0,81,1,80.64,1,At-Risk Customers
17757.0,3,9,1277.57,0,Regular Customers
17760.0,95,1,172.54,1,At-Risk Customers
17769.0,1,2,448.11,0,Regular Customers
17770.0,4,1,603.17,0,Regular Customers
17771.0,45,1,115.8,0,Regular Customers
17774.0,27,1,219.99,0,Regular Customers
17786.0,39,1,103.35,0,Regular Customers
17787.0,27,3,1668.52,0,Regular Customers
17789.0,3,1,225.9,0,Regular Customers
17790.0,24,6,516.35,0,Regular Customers
17796.0,35,3,614.1,0,Regular Customers
17799.0,41,3,1010.71,0,Regular Customers
17800.0,56,1,136.05,1,At-Risk Customers
17802.0,94,1,100.2,1,At-Risk Customers
17809.0,24,4,1861.7,0,Regular Customers
17811.0,6,9,2741.17,0,Regular Customers
17812.0,90,1,193.3,1,At-Risk Customers
17816.0,87,1,16.21,1,At-Risk Customers
17819.0,19,3,1836.12,0,Regular Customers
17827.0,87,3,1270.96,1,At-Risk Customers
17829.0,20,1,889.24,0,Regular Customers
17830.0,11,1,188.5,0,Regular Customers
17838.0,14,3,1655.0,0,Regular Customers
17841.0,3,23,5612.41,2,Loyal High-Value Customers
17843.0,25,1,205.48,0,Regular Customers
17848.0,32,3,213.91,0,Regular Customers
17849.0,28,2,345.1,0,Regular Customers
17850.0,94,34,5391.21,2,Loyal High-Value Customers
17855.0,95,1,208.97,1,At-Risk Customers
17856.0,4,1,482.81,0,Regular Customers
17857.0,18,3,2127.54,0,Regular Customers
17858.0,26,4,2093.0,0,Regular Customers
17859.0,27,1,141.92000000000002,0,Regular Customers
17860.0,90,1,226.45,1,At-Risk Customers
17861.0,42,1,241.86,0,Regular Customers
17862.0,45,1,330.9,0,Regular Customers
17863.0,33,2,890.6999999999999,0,Regular Customers
17865.0,11,4,2331.35,0,Regular Customers
17867.0,10,1,25.5,0,Regular Customers
17869.0,90,1,214.32,1,At-Risk Customers
17870.0,89,1,326.4,1,At-Risk Customers
17873.0,3,2,690.73,0,Regular Customers
17880.0,87,1,458.92,1,At-Risk Customers
17881.0,26,1,133.35000000000002,0,Regular Customers
17884.0,34,3,590.54,0,Regular Customers
17888.0,39,2,112.08,0,Regular Customers
17889.0,44,1,99.35,0,Regular Customers
17890.0,45,2,586.89,0,Regular Customers
17894.0,7,6,867.0,0,Regular Customers
17897.0,89,2,410.67,1,At-Risk Customers
17905.0,74,2,392.9,1,At-Risk Customers
17908.0,96,1,232.03,1,At-Risk Customers
17912.0,32,5,310.06,0,Regular Customers
17913.0,78,1,218.05,1,At-Risk Customers
17917.0,85,1,107.16,1,At-Risk Customers
17920.0,37,3,834.81,0,Regular Customers
17923.0,4,1,207.50000000000003,0,Regular Customers
17924.0,24,2,502.2000000000001,0,Regular Customers
17925.0,95,1,244.08,1,At-Risk Customers
17929.0,31,1,196.2,0,Regular Customers
17937.0,21,3,2693.88,0,Regular Customers
17940.0,25,1,1045.44,0,Regular Customers
17949.0,5,5,3820.5,0,Regular Customers
17950.0,87,2,263.17,1,At-Risk Customers
17951.0,80,2,409.50000000000006,1,At-Risk Customers
17954.0,17,4,708.76,0,Regular Customers
17961.0,5,8,612.93,0,Regular Customers
17964.0,94,1,261.76,1,At-Risk Customers
17965.0,6,5,1053.68,0,Regular Customers
17967.0,94,1,112.27,1,At-Risk Customers
17968.0,95,1,265.1,1,At-Risk Customers
17969.0,83,1,125.2,1,At-Risk Customers
17975.0,32,4,1378.78,0,Regular Customers
17976.0,94,1,321.79,1,At-Risk Customers
17978.0,87,1,300.92,1,At-Risk Customers
17980.0,81,1,295.2,1,At-Risk Customers
17988.0,49,1,64.99000000000001,1,At-Risk Customers
17990.0,75,2,316.0,1,At-Risk Customers
17994.0,13,1,305.3,0,Regular Customers
17995.0,3,1,76.1,0,Regular Customers
17999.0,88,1,190.34,1,At-Risk Customers
18004.0,84,1,157.92,1,At-Risk Customers
18008.0,40,1,130.81,0,Regular Customers
18011.0,95,1,102.79,1,At-Risk Customers
18016.0,37,2,318.85,0,Regular Customers
18017.0,32,1,165.0,0,Regular Customers
18032.0,56,1,73.5,1,At-Risk Customers
18037.0,44,2,39.55,0,Regular Customers
18041.0,3,8,1656.67,0,Regular Customers
18043.0,88,1,287.91,1,At-Risk Customers
18044.0,6,2,146.37,0,Regular Customers
18050.0,81,1,74.4,1,At-Risk Customers
18055.0,13,5,2394.03,0,Regular Customers
18056.0,10,1,363.65,0,Regular Customers
18061.0,13,3,817.33,0,Regular Customers
18062.0,60,1,169.8,1,At-Risk Customers
18065.0,10,3,750.0500000000001,0,Regular Customers
18068.0,11,1,101.7,0,Regular Customers
18069.0,49,1,287.11,1,At-Risk Customers
18071.0,88,1,258.95,1,At-Risk Customers
18074.0,96,1,489.6,1,At-Risk Customers
18075.0,6,4,867.5,0,Regular Customers
18077.0,41,3,711.46,0,Regular Customers
18085.0,52,2,689.95,1,At-Risk Customers
18087.0,13,1,3202.92,0,Regular Customers
18092.0,52,4,3111.84,0,Regular Customers
18093.0,20,2,1117.52,0,Regular Customers
18094.0,14,1,504.72,0,Regular Customers
18095.0,34,2,580.0500000000001,0,Regular Customers
18097.0,62,2,657.1800000000001,1,At-Risk Customers
18102.0,4,7,39766.09,3,VIP Customers
18106.0,51,1,421.9,1,At-Risk Customers
18109.0,26,6,1213.57,0,Regular Customers
18113.0,90,1,76.32000000000001,1,At-Risk Customers
18114.0,12,1,220.1,0,Regular Customers
18116.0,17,4,823.32,0,Regular Customers
18118.0,5,6,1440.75,0,Regular Customers
18119.0,90,1,180.7,1,At-Risk Customers
18125.0,17,2,720.97,0,Regular Customers
18136.0,42,1,288.99,0,Regular Customers
18138.0,17,1,152.65,0,Regular Customers
18144.0,41,3,660.05,0,Regular Customers
18145.0,35,1,609.01,0,Regular Customers
18151.0,12,1,312.55,0,Regular Customers
18155.0,14,1,113.93,0,Regular Customers
18156.0,91,1,186.88,1,At-Risk Customers
18159.0,23,1,530.15,0,Regular Customers
18161.0,42,1,301.53,0,Regular Customers
18168.0,24,3,634.39,0,Regular Customers
18171.0,56,1,240.45,1,At-Risk Customers
18172.0,11,2,1978.38,0,Regular Customers
18176.0,80,1,476.35,1,At-Risk Customers
18178.0,31,2,633.95,0,Regular Customers
18179.0,48,2,622.9,0,Regular Customers
18188.0,12,1,426.6,0,Regular Customers
18190.0,53,1,171.46,1,At-Risk Customers
18196.0,12,1,450.78,0,Regular Customers
18198.0,10,3,907.32,0,Regular Customers
18202.0,33,1,485.73,0,Regular Customers
18211.0,1,1,137.9,0,Regular Customers
18212.0,48,1,216.07,1,At-Risk Customers
18218.0,3,1,289.22,0,Regular Customers
18219.0,18,3,484.37,0,Regular Customers
18223.0,1,5,1674.84,0,Regular Customers
18225.0,27,2,468.82,0,Regular Customers
18226.0,60,1,417.3,1,At-Risk Customers
18229.0,17,4,1372.9,0,Regular Customers
18230.0,24,1,464.82,0,Regular Customers
18231.0,11,1,291.0,0,Regular Customers
18233.0,48,1,440.0,1,At-Risk Customers
18239.0,35,3,918.52,0,Regular Customers
18245.0,35,2,804.91,0,Regular Customers
18250.0,32,1,349.27,0,Regular Customers
18257.0,13,2,363.8,0,Regular Customers
18259.0,88,1,376.30000000000007,1,At-Risk Customers
18260.0,56,2,787.7700000000001,1,At-Risk Customers
18269.0,88,1,168.6,1,At-Risk Customers
18283.0,7,3,314.7,0,Regular Customers
