Customer ID,Recency,Frequency,Monetary
12346.0,48,1,77183.6
12347.0,39,2,1187.18
12348.0,41,2,1120.24
12350.0,32,1,334.4
12352.0,5,3,1281.15
12356.0,48,1,2271.62
12359.0,27,2,2386.41
12361.0,9,1,189.9
12362.0,18,1,479.1
12365.0,13,2,641.38
12370.0,80,2,1864.27
12372.0,18,1,399.22
12373.0,33,1,364.6
12377.0,37,2,1628.12
12383.0,53,2,1251.88
12386.0,59,2,401.9
12388.0,27,2,555.35
12393.0,52,2,639.5
12395.0,24,3,911.43
12401.0,25,1,84.3
12402.0,45,1,225.6
12410.0,31,2,693.3299999999999
12413.0,59,1,479.25
12414.0,32,1,153.76
12415.0,4,4,37842.74
12417.0,3,3,1024.78
12421.0,41,1,157.45
12422.0,47,1,238.5
12423.0,14,2,430.24
12427.0,94,1,303.5
12428.0,5,3,4969.22
12429.0,88,1,1281.5
12431.0,7,5,2143.78
12433.0,88,2,3787.12
12437.0,11,4,982.9599999999999
12441.0,89,1,173.55
12451.0,47,1,2919.5099999999998
12455.0,17,2,1698.9
12458.0,7,1,441.92
12462.0,25,1,762.11
12464.0,7,2,363.84999999999997
12468.0,38,1,220.59
12471.0,11,7,5928.11
12472.0,39,2,2456.66
12474.0,10,4,887.38
12476.0,21,3,722.23
12477.0,23,1,2355.9500000000003
12480.0,58,1,816.25
12481.0,59,3,1394.43
12483.0,61,1,547.56
12484.0,58,1,1138.67
12489.0,58,1,334.93
12490.0,52,1,864.22
12494.0,18,3,312.55
12500.0,3,3,968.76
12501.0,58,1,2169.39
12502.0,32,1,617.25
12507.0,21,1,446.16
12509.0,6,1,176.5
12510.0,47,1,681.05
12515.0,75,1,383.7
12523.0,13,2,246.35
12524.0,3,3,1338.17
12527.0,17,2,284.92
12528.0,35,1,493.53000000000003
12530.0,59,1,387.40000000000003
12539.0,39,2,3431.7
12540.0,33,3,2317.17
12541.0,3,1,312.4
12547.0,2,1,159.4
12551.0,80,1,168.0
12553.0,3,3,1023.86
12557.0,55,2,4037.1200000000003
12559.0,33,2,561.71
12561.0,25,1,238.85
12565.0,11,1,145.92
12567.0,31,3,3179.11
12574.0,38,1,218.45
12576.0,27,1,266.85
12577.0,81,1,195.89
12578.0,52,1,1608.66
12582.0,11,1,205.16
12583.0,24,3,1907.58
12584.0,2,1,463.63
12585.0,73,1,1262.85
12591.0,39,1,452.84999999999997
12594.0,16,2,597.0
12598.0,7,1,720.86
12599.0,8,2,312.46000000000004
12600.0,32,3,702.74
12601.0,25,2,257.36
12609.0,40,1,287.93
12616.0,19,1,255.6
12621.0,13,4,2918.89
12625.0,41,1,1716.62
12626.0,38,2,1274.1
12633.0,10,1,1012.82
12637.0,46,1,1516.68
12643.0,55,1,871.1999999999999
12645.0,38,1,369.29999999999995
12647.0,79,4,1193.6
12651.0,56,1,114.0
12652.0,53,1,919.98
12653.0,19,1,779.1
12654.0,17,1,166.6
12662.0,31,2,598.1800000000001
12664.0,45,1,661.58
12665.0,47,1,63.0
12668.0,34,2,1479.67
12672.0,52,1,225.89999999999998
12673.0,49,1,220.9
12676.0,33,1,509.5
12678.0,7,3,574.71
12679.0,5,1,794.06
12681.0,34,6,5082.53
12682.0,33,5,2912.14
12683.0,6,4,2147.42
12686.0,94,1,89.14
12691.0,40,3,406.2
12693.0,41,1,162.05
12705.0,79,1,858.0
12707.0,14,1,603.42
12708.0,52,2,481.06
12709.0,6,4,3165.09
12712.0,34,4,1035.43
12714.0,17,1,968.3
12720.0,26,4,1105.33
12721.0,26,2,741.62
12724.0,54,1,154.9
12725.0,93,1,427.8
12726.0,38,2,571.86
12727.0,4,4,2007.32
12728.0,6,2,453.26
12731.0,35,2,4246.33
12734.0,74,1,110.39999999999999
12735.0,37,2,779.5699999999999
12736.0,55,1,234.0
12738.0,94,1,155.35
12744.0,40,1,2053.07
12747.0,5,4,1320.09
12748.0,6,44,4983.71
12753.0,4,3,9341.13
12754.0,31,1,45.57
12755.0,2,2,3811.95
12763.0,91,1,320.08
12764.0,39,1,1693.88
12766.0,14,3,2809.42
12775.0,33,1,214.45
12778.0,34,1,134.48
12779.0,30,3,1198.58
12781.0,7,1,549.26
12782.0,40,2,1147.43
12785.0,86,1,311.95
12791.0,96,1,192.60000000000002
12793.0,57,2,545.48
12797.0,88,1,254.03
12808.0,91,1,129.4
12811.0,6,1,240.25
12817.0,3,1,166.04
12820.0,48,1,170.46
12823.0,11,2,535.5
12826.0,39,3,697.1
12829.0,59,2,293.0
12834.0,5,1,312.38
12836.0,34,1,846.69
12838.0,96,1,390.79
12839.0,10,3,1089.01
12841.0,10,8,1393.07
12842.0,30,1,310.73
12845.0,12,1,65.09
12852.0,17,1,311.55
12853.0,38,1,427.40000000000003
12854.0,40,1,389.90000000000003
12855.0,95,1,38.1
12857.0,24,1,801.6
12866.0,5,1,559.12
12867.0,20,2,786.95
12868.0,38,3,673.21
12872.0,49,2,599.97
12873.0,4,1,374.0
12875.0,85,1,293.76000000000005
12877.0,10,3,329.46000000000004
12891.0,15,1,42.0
12897.0,24,1,128.8
12908.0,34,1,318.0
12913.0,5,3,866.39
12915.0,94,1,199.65
12916.0,43,1,807.05
12921.0,6,7,3173.38
12924.0,50,1,58.190000000000005
12928.0,81,1,392.34000000000003
12929.0,34,1,117.85
12931.0,20,3,1873.4
12933.0,6,1,110.75
12935.0,41,1,431.63
12939.0,21,2,5309.28
12942.0,88,1,258.75
12944.0,77,1,286.95
12945.0,10,1,462.95
12947.0,59,2,605.7
12951.0,42,2,306.09000000000003
12956.0,28,1,108.07
12957.0,62,1,413.68
12963.0,88,1,365.8
12967.0,80,2,1660.9
12970.0,44,2,23.8
12971.0,6,18,1837.37
12980.0,4,5,3673.7400000000002
12988.0,14,1,505.82
12989.0,20,3,1914.1
12990.0,32,1,97.5
12993.0,20,1,102.89999999999999
12997.0,39,1,305.55
13000.0,87,1,201.75
13001.0,9,4,3468.79
13002.0,40,1,120.94999999999999
13004.0,7,5,1592.04
13008.0,45,1,229.46999999999997
13011.0,94,1,50.550000000000004
13012.0,17,1,377.27000000000004
13013.0,93,2,1528.34
13014.0,3,1,515.38
13018.0,10,2,642.45
13021.0,81,1,157.35000000000002
13027.0,76,1,1440.0
13029.0,75,1,382.5
13030.0,90,1,402.36
13033.0,79,1,190.55
13034.0,91,1,165.86
13038.0,13,1,395.1
13044.0,13,1,560.47
13047.0,31,4,825.53
13048.0,49,1,477.61
13049.0,40,1,153.78
13050.0,26,7,2129.53
13064.0,49,1,203.3
13065.0,95,1,205.86
13068.0,42,1,165.0
13069.0,30,6,1240.09
13077.0,12,3,576.19
13078.0,18,5,1994.31
13081.0,10,5,7467.61
13082.0,60,1,379.44
13085.0,17,1,278.1
13089.0,12,24,15557.62
13090.0,11,5,1796.2
13092.0,81,1,185.45
13093.0,9,7,7527.97
13094.0,5,5,528.96
13097.0,14,3,1663.2
13098.0,27,2,893.6
13102.0,30,7,1881.8
13104.0,77,1,101.76
13107.0,55,1,566.84
13108.0,95,1,350.06
13110.0,5,2,540.15
13113.0,2,6,2838.74
13117.0,41,3,499.93
13118.0,10,1,190.93
13124.0,81,1,1256.32
13126.0,61,3,547.31
13133.0,26,1,52.35
13137.0,31,1,206.63
13138.0,94,1,193.23
13140.0,88,1,158.26
13141.0,37,2,524.57
13144.0,55,1,110.95
13145.0,94,1,295.0
13148.0,35,4,1068.71
13149.0,11,1,376.74
13151.0,17,1,1257.8700000000001
13155.0,49,2,569.2
13157.0,20,1,197.82
13158.0,41,1,256.40999999999997
13161.0,35,1,112.75
13162.0,57,1,753.26
13165.0,73,1,354.64
13166.0,5,1,417.2
13168.0,14,2,821.63
13171.0,21,1,140.35
13173.0,89,1,165.94
13174.0,38,2,2034.06
13178.0,17,2,1124.0
13183.0,57,1,625.04
13184.0,12,1,212.52
13187.0,59,1,236.02
13198.0,40,2,1184.74
13199.0,3,9,1948.96
13208.0,31,1,168.45
13209.0,48,2,430.2
13211.0,83,1,110.7
13221.0,81,1,498.16
13225.0,60,2,2470.44
13230.0,4,5,786.05
13233.0,58,1,304.24
13238.0,82,1,91.15
13240.0,87,1,224.07
13246.0,15,3,1063.16
13253.0,61,1,476.48
13255.0,96,1,225.7
13261.0,8,1,845.1
13263.0,47,1,141.66
13267.0,54,3,933.97
13269.0,83,2,662.1700000000001
13270.0,88,1,590.0
13280.0,38,2,682.96
13284.0,53,1,201.19
13285.0,12,1,666.89
13292.0,6,1,249.57
13295.0,82,1,201.20000000000002
13301.0,14,1,173.91
13304.0,73,1,300.42
13305.0,18,2,288.9
13309.0,30,1,390.71
13310.0,46,1,410.18
13313.0,62,1,307.3
13317.0,81,2,238.05
13319.0,26,7,2769.04
13324.0,35,2,1110.6
13327.0,18,3,947.9000000000001
13328.0,38,1,1308.48
13329.0,89,1,304.2
13330.0,38,1,335.82
13334.0,28,1,1637.19
13345.0,10,1,389.5
13362.0,10,1,812.7
13368.0,59,1,35.400000000000006
13369.0,88,1,308.28000000000003
13370.0,94,1,754.87
13381.0,21,1,416.11
13382.0,3,1,222.99
13385.0,52,1,534.57
13394.0,32,1,313.76
13396.0,41,1,387.27000000000004
13397.0,17,2,601.77
13402.0,94,1,308.28000000000003
13405.0,40,1,160.05
13408.0,20,9,5664.92
13410.0,13,1,250.23999999999998
13414.0,19,1,390.0
13418.0,81,5,1579.62
13421.0,12,1,825.04
13425.0,17,1,401.57
13426.0,59,2,639.4300000000001
13448.0,86,3,829.5400000000001
13451.0,56,1,359.19
13453.0,12,1,185.0
13455.0,88,1,692.94
13458.0,10,4,4170.82
13468.0,10,9,1609.5
13473.0,55,1,241.26
13475.0,20,1,317.12
13476.0,3,1,727.6
13477.0,13,1,185.39999999999998
13487.0,75,1,193.15
13488.0,31,3,3395.76
13489.0,11,2,235.68
13491.0,2,6,803.91
13493.0,9,1,179.35
13494.0,34,1,316.26000000000005
13495.0,82,2,865.4300000000001
13496.0,82,1,501.01
13497.0,5,2,348.05
13501.0,10,1,1340.32
13502.0,46,1,114.6
13506.0,38,2,458.52
13509.0,6,1,209.32
13520.0,47,2,988.52
13523.0,88,1,566.95
13527.0,49,1,110.45
13531.0,88,1,305.45
13534.0,27,8,1029.75
13538.0,38,1,166.8
13539.0,31,1,164.1
13551.0,41,1,91.80000000000001
13552.0,38,1,313.70000000000005
13557.0,3,1,240.68
13564.0,76,2,1174.03
13565.0,56,1,110.17999999999999
13569.0,89,1,109.82000000000001
13576.0,13,4,1687.04
13579.0,91,1,164.70000000000002
13581.0,31,1,118.0
13584.0,28,1,142.4
13590.0,25,1,309.06
13593.0,58,1,559.85
13599.0,5,4,1302.55
13600.0,34,1,219.52
13606.0,34,1,70.02
13610.0,7,1,234.12
13611.0,82,1,303.15000000000003
13614.0,52,1,205.75
13615.0,41,1,417.69
13623.0,19,1,156.0
13627.0,80,1,311.19
13629.0,33,2,1425.0
13630.0,7,1,299.14
13634.0,49,1,334.2
13636.0,7,1,154.5
13649.0,88,1,197.8
13652.0,91,1,308.8
13656.0,59,1,162.70000000000002
13659.0,43,1,1035.2
13666.0,9,2,64.05
13668.0,17,4,1749.0800000000002
13672.0,23,2,186.39000000000001
13675.0,7,1,308.44
13680.0,60,2,2391.59
13684.0,8,1,65.13
13694.0,3,11,14317.5
13700.0,49,2,139.52
13703.0,40,1,99.5
13705.0,96,1,318.14
13706.0,25,1,330.79
13707.0,37,1,583.41
13709.0,37,1,454.3
13715.0,3,5,1077.39
13717.0,20,1,298.05
13718.0,18,1,114.05000000000001
13722.0,5,1,1463.47
13725.0,10,4,1451.93
13728.0,33,1,158.57999999999998
13742.0,9,3,1155.18
13744.0,14,1,817.3199999999999
13747.0,96,1,79.6
13748.0,96,1,204.0
13750.0,19,2,688.8000000000001
13751.0,10,1,296.25
13753.0,9,1,741.26
13754.0,39,1,156.0
13756.0,81,3,1004.4000000000001
13758.0,57,3,1141.25
13764.0,59,1,499.89
13767.0,7,11,4143.82
13769.0,48,2,626.32
13777.0,10,14,8063.16
13782.0,50,1,191.94
13784.0,4,4,426.39
13786.0,89,1,230.39999999999998
13787.0,86,1,106.4
13792.0,9,1,74.60000000000001
13798.0,9,11,11001.4
13799.0,16,1,341.7
13800.0,31,1,558.32
13802.0,34,1,969.74
13804.0,12,1,723.63
13807.0,89,1,112.6
13809.0,27,1,155.05
13815.0,41,1,1012.01
13817.0,74,1,128.7
13819.0,24,3,1140.35
13824.0,32,1,442.88
13831.0,92,1,408.0
13837.0,40,1,109.05
13838.0,92,1,230.66
13842.0,31,3,907.53
13846.0,82,1,411.4
13848.0,20,2,935.0
13851.0,10,1,246.32
13854.0,11,7,2269.2
13859.0,48,1,201.16
13862.0,13,2,678.85
13865.0,12,1,123.30000000000001
13869.0,35,2,886.01
13870.0,10,1,544.03
13871.0,31,1,456.05
13873.0,32,1,121.45
13874.0,80,1,540.45
13875.0,23,1,340.65
13880.0,6,3,508.1
13881.0,34,1,1025.34
13884.0,5,1,138.15
13890.0,81,1,190.35
13893.0,20,1,821.1
13894.0,32,1,160.85
13898.0,48,1,155.93
13901.0,41,1,214.4
13904.0,17,1,201.12
13911.0,20,2,559.27
13922.0,74,1,172.25
13929.0,48,1,412.85
13931.0,3,1,378.21000000000004
13932.0,17,1,307.4
13939.0,34,1,184.5
13941.0,20,2,2118.96
13948.0,83,1,102.0
13951.0,16,1,212.56
13953.0,75,1,500.0
13955.0,27,1,205.1
13959.0,3,2,337.44
13963.0,30,4,664.54
13969.0,44,2,662.83
13971.0,7,1,333.48
13973.0,9,1,264.7
13982.0,48,2,903.8
13983.0,27,4,949.94
13984.0,47,2,284.75
13993.0,11,2,822.85
13999.0,44,2,609.7
14001.0,95,1,301.24
14004.0,11,1,900.02
14006.0,34,1,304.44
14016.0,79,1,753.74
14030.0,27,3,983.73
14031.0,2,6,4526.59
14032.0,78,2,619.42
14035.0,19,1,301.6
14036.0,7,1,626.65
14037.0,87,1,111.8
14040.0,36,3,914.05
14044.0,32,1,170.44
14045.0,60,3,1251.75
14046.0,6,1,154.99
14047.0,59,2,296.22
14048.0,27,1,409.93
14049.0,40,1,1028.08
14051.0,9,6,3126.36
14056.0,6,1,582.37
14057.0,2,5,1936.73
14060.0,13,6,1931.46
14062.0,45,4,3096.39
14068.0,42,1,265.85
14078.0,6,2,306.28999999999996
14081.0,24,2,921.62
14082.0,87,1,182.25
14083.0,76,3,444.36
14085.0,31,6,1960.66
14088.0,44,1,7544.91
14090.0,47,1,76.32000000000001
14092.0,44,3,920.23
14099.0,17,3,818.73
14101.0,16,2,1844.03
14107.0,18,2,621.09
14113.0,77,1,433.5
14114.0,53,1,195.13
14127.0,32,1,314.63
14130.0,41,1,480.91
14133.0,38,1,318.0
14135.0,49,7,1811.91
14142.0,95,1,311.81
14146.0,79,1,1241.43
14147.0,8,1,182.8
14150.0,82,1,306.18
14156.0,5,8,28278.4
14157.0,7,1,269.18
14159.0,85,1,189.92
14161.0,91,1,283.15
14162.0,14,1,177.68
14167.0,53,1,148.35
14175.0,51,1,322.58
14176.0,19,4,576.9000000000001
14180.0,5,10,2235.62
14185.0,53,1,197.65
14188.0,32,1,398.0
14189.0,10,4,1165.49
14194.0,30,1,516.95
14201.0,81,1,67.24000000000001
14209.0,54,1,347.95
14210.0,18,3,977.3900000000001
14211.0,7,2,465.1
14215.0,37,3,922.11
14217.0,33,4,378.8
14220.0,80,1,312.98
14221.0,61,1,312.95
14224.0,42,1,244.3
14227.0,6,1,736.7
14229.0,14,2,762.13
14231.0,11,1,308.95
14233.0,33,2,630.95
14236.0,94,1,189.3
14237.0,95,1,161.0
14238.0,48,1,146.85
14239.0,4,3,795.48
14242.0,48,1,138.35
14243.0,11,4,1139.8
14248.0,40,1,302.58
14256.0,87,1,523.86
14257.0,41,1,620.14
14258.0,21,2,4286.18
14270.0,54,1,492.65000000000003
14276.0,12,1,341.2
14282.0,89,1,571.0
14289.0,11,1,322.24
14290.0,84,1,777.5600000000001
14292.0,5,1,463.0
14293.0,27,2,508.02000000000004
14298.0,10,14,11823.9
14299.0,40,4,1565.94
14307.0,46,2,1270.56
14309.0,18,3,588.39
14312.0,32,2,436.37
14320.0,55,1,352.51
14321.0,56,1,326.82
14329.0,51,1,1547.58
14334.0,42,2,672.57
14341.0,40,2,335.63
14344.0,80,3,355.65000000000003
14346.0,19,1,262.44
14355.0,88,1,174.4
14368.0,42,1,155.0
14371.0,17,1,100.5
14373.0,80,1,76.55
14379.0,17,1,110.98
14386.0,19,1,142.4
14388.0,4,2,714.25
14390.0,95,1,223.7
14395.0,56,2,689.36
14396.0,93,1,110.35000000000001
14401.0,37,2,552.12
14404.0,49,2,391.08
14409.0,41,3,666.1
14410.0,28,1,137.65
14411.0,33,1,1063.0
14413.0,84,1,121.05
14414.0,81,1,217.2
14415.0,26,3,1581.56
14419.0,87,1,124.1
14426.0,35,2,701.17
14428.0,47,1,203.55
14431.0,25,1,470.36
14437.0,88,1,63.0
14438.0,28,1,131.9
14439.0,42,1,2661.24
14440.0,39,2,1185.71
14442.0,39,1,675.58
14443.0,32,2,608.4
14447.0,3,1,265.0
14448.0,86,1,102.35000000000001
14449.0,94,1,210.24
14450.0,43,1,161.03
14457.0,33,1,113.64
14460.0,33,1,30.0
14462.0,30,3,444.02
14465.0,25,1,597.3
14466.0,3,3,1035.65
14467.0,34,1,131.7
14470.0,10,1,297.64
14472.0,7,3,944.1899999999999
14473.0,4,1,85.0
14475.0,27,1,306.55
14477.0,19,1,165.0
14479.0,87,1,174.4
14481.0,9,1,302.86
14483.0,4,1,137.1
14487.0,90,1,125.10000000000001
14491.0,95,1,127.2
14496.0,34,2,538.8100000000001
14497.0,31,1,475.37
14498.0,84,1,166.22
14499.0,1,1,122.87
14501.0,42,1,66.93
14502.0,14,2,445.4
14505.0,59,2,1355.66
14506.0,5,2,554.16
14513.0,11,1,18.75
14514.0,53,1,255.25
14520.0,13,1,165.0
14524.0,3,2,470.05
14525.0,48,2,726.95
14527.0,6,14,2132.14
14530.0,19,1,662.86
14532.0,8,3,792.3000000000001
14533.0,75,1,433.5
14534.0,19,3,770.73
14540.0,31,1,195.9
14541.0,9,4,832.35
14543.0,18,3,946.25
14544.0,83,1,1101.77
14548.0,40,1,326.4
14549.0,33,1,289.24
14553.0,61,1,201.94
14555.0,24,1,186.34
14560.0,5,5,704.47
14562.0,11,2,434.7
14565.0,83,1,1167.41
14570.0,3,2,218.06
14572.0,46,1,331.03
14573.0,4,3,705.1
14576.0,94,1,35.400000000000006
14577.0,85,1,346.90000000000003
14587.0,26,3,511.12
14589.0,94,1,39.75
14594.0,95,1,255.0
14595.0,35,1,163.8
14600.0,28,1,393.33000000000004
14606.0,5,27,4013.35
14608.0,84,1,204.0
14609.0,19,1,144.0
14616.0,7,2,247.68000000000004
14618.0,60,1,211.8
14620.0,6,1,235.35
14621.0,80,1,305.7
14625.0,83,1,585.53
14631.0,21,1,309.5
14639.0,13,2,1235.13
14643.0,80,1,357.94
14644.0,20,1,187.50000000000003
14646.0,12,10,57866.02
14653.0,60,1,344.81
14656.0,5,1,133.11
14657.0,4,2,524.4
14659.0,20,2,774.97
14662.0,38,1,96.95
14665.0,19,3,731.66
14667.0,14,7,2586.25
14669.0,54,2,837.5
14670.0,2,2,392.86
14672.0,58,1,285.28000000000003
14673.0,89,1,373.49
14676.0,5,1,556.32
14680.0,17,5,8284.12
14684.0,84,1,168.36
14688.0,6,6,1700.42
14692.0,21,2,380.85
14696.0,48,2,588.25
14701.0,1,3,892.61
14702.0,3,6,1185.7
14708.0,90,1,419.06
14709.0,39,2,722.05
14713.0,45,3,648.09
14715.0,20,2,247.45
14723.0,80,3,455.65
14729.0,95,1,313.49
14732.0,6,2,673.98
14733.0,25,6,6940.72
14735.0,32,5,1016.85
14737.0,75,1,434.0
14738.0,38,1,204.77
14739.0,60,2,943.44
14740.0,6,1,521.1
14741.0,84,2,495.3
14744.0,20,5,928.03
14745.0,7,1,240.60000000000002
14748.0,91,2,470.42
14754.0,17,1,228.26999999999998
14755.0,18,2,994.48
14760.0,19,1,89.2
14761.0,57,1,97.5
14766.0,88,1,180.4
14769.0,47,2,870.99
14770.0,45,1,278.6
14775.0,94,1,406.56
14776.0,34,1,558.36
14778.0,31,1,334.05
14779.0,2,3,386.15
14782.0,42,1,200.10000000000002
14784.0,46,1,114.68
14794.0,56,1,179.1
14796.0,3,6,2285.39
14798.0,32,1,75.68
14800.0,57,3,1753.6399999999999
14803.0,14,1,542.15
14805.0,36,1,109.25
14810.0,8,4,641.74
14813.0,92,2,152.88
14821.0,89,1,48.800000000000004
14825.0,19,3,631.87
14828.0,59,1,582.0
14829.0,83,2,385.33
14841.0,11,2,991.95
14842.0,30,1,310.0
14849.0,20,8,1428.03
14850.0,34,1,325.75
14865.0,94,1,37.2
14866.0,88,1,103.67999999999999
14867.0,58,1,300.74
14871.0,83,1,120.95
14878.0,15,2,433.89000000000004
14880.0,10,1,129.2
14889.0,58,1,135.9
14895.0,12,1,2346.34
14896.0,87,1,257.22
14897.0,19,1,175.5
14898.0,24,3,424.05
14901.0,83,3,497.04999999999995
14903.0,1,1,529.88
14907.0,83,3,960.69
14911.0,2,25,15524.09
14913.0,81,1,300.87
14916.0,46,1,295.05
14932.0,88,1,363.53
14934.0,5,1,828.84
14935.0,19,1,1784.71
14944.0,18,2,754.29
14952.0,8,3,2183.83
14959.0,18,1,178.66
14961.0,20,3,2103.03
14970.0,38,1,337.5
14976.0,49,1,155.95
14978.0,12,3,1132.4
14985.0,80,1,119.77
14987.0,88,1,163.2
14995.0,2,1,119.31
15002.0,19,3,1147.5900000000001
15005.0,3,5,1102.26
15012.0,95,1,188.56
15018.0,90,1,111.25
15021.0,89,1,198.09
15023.0,47,2,984.35
15024.0,19,3,680.59
15028.0,90,1,185.97
15031.0,4,1,150.83
15032.0,88,2,2770.6
15033.0,51,1,556.55
15034.0,1,3,1650.6100000000001
15038.0,92,1,118.88
15039.0,7,13,6130.42
15044.0,17,7,3168.6
15046.0,8,5,1188.19
15048.0,91,1,98.7
15052.0,41,1,207.73000000000002
15053.0,4,1,222.65
15057.0,38,1,1131.0
15058.0,22,3,470.57
15059.0,19,3,369.91
15061.0,4,20,23524.14
15062.0,7,2,460.98
15065.0,13,1,773.66
15067.0,5,1,848.05
15070.0,95,1,106.2
15078.0,9,7,2218.64
15079.0,37,2,509.24
15081.0,89,1,111.15
15087.0,4,1,306.94
15090.0,30,1,381.32
15092.0,5,1,323.16
15093.0,9,3,2603.21
15100.0,56,3,876.0
15101.0,81,1,102.28
15104.0,4,1,374.64
15107.0,33,6,319.5
15110.0,41,1,169.65
15111.0,95,1,288.5
15114.0,24,1,259.05
15121.0,10,1,295.15
15122.0,20,1,397.04
15129.0,14,1,355.40000000000003
15133.0,24,1,333.2
15139.0,58,1,122.10000000000001
15144.0,34,1,378.32
15146.0,13,1,834.22
15157.0,80,1,1085.46
15159.0,38,4,2698.12
15160.0,79,1,158.16
15164.0,61,1,168.44
15165.0,95,1,487.75
15167.0,42,1,158.8
15171.0,53,1,1289.5
15174.0,45,1,135.75
15179.0,41,1,1285.62
15180.0,89,1,87.5
15189.0,4,5,1619.72
15192.0,87,1,315.0
15194.0,6,6,2513.73
15197.0,80,1,556.5
15199.0,30,1,353.09999999999997
15203.0,33,1,211.94
15204.0,79,1,316.58
15208.0,75,1,65.4
15211.0,87,1,383.07
15213.0,40,2,328.35
15218.0,41,1,581.66
15220.0,3,1,316.11
15221.0,88,1,403.25
15222.0,41,1,585.0
15224.0,80,2,322.08
15226.0,33,1,154.41
15227.0,6,2,625.07
15228.0,17,1,904.85
15235.0,7,9,1460.94
15236.0,21,1,321.05
15240.0,34,1,312.9
15241.0,6,1,395.33
15246.0,81,1,186.0
15257.0,5,1,317.15
15260.0,95,2,420.5
15262.0,46,1,178.95000000000002
15266.0,60,1,119.3
15270.0,24,3,1013.5
15271.0,60,2,364.84999999999997
15279.0,77,1,290.51
15281.0,9,2,1014.57
15288.0,87,1,165.65
15290.0,17,4,852.8299999999999
15291.0,48,4,1372.19
15296.0,49,1,1199.33
15298.0,47,3,873.08
15299.0,94,3,1835.01
15301.0,90,1,673.37
15303.0,12,1,574.02
15304.0,4,2,228.60000000000002
15311.0,2,28,15185.1
15312.0,76,1,289.74
15316.0,49,1,165.0
15319.0,5,1,204.5
15321.0,14,1,1159.47
15326.0,56,1,311.71
15332.0,88,4,1661.06
15339.0,40,1,257.9
15346.0,55,1,252.42000000000002
15347.0,88,1,201.60000000000002
15350.0,95,1,115.65
15351.0,92,1,274.67
15353.0,90,1,311.65
15356.0,19,3,590.21
15358.0,2,8,3456.9
15361.0,84,1,418.92
15363.0,94,1,326.0
15365.0,37,1,208.61
15366.0,80,1,105.54
15370.0,19,2,754.22
15373.0,12,4,900.0
15379.0,45,3,2682.09
15380.0,87,1,230.10000000000002
15382.0,18,1,1019.42
15384.0,82,1,303.57
15392.0,82,1,338.98
15393.0,3,1,124.10000000000001
15394.0,80,1,587.66
15395.0,47,1,107.45
15397.0,12,1,94.0
15400.0,1,1,346.1
15406.0,23,1,252.29
15407.0,27,1,165.0
15415.0,35,1,559.61
15416.0,5,1,1375.24
15421.0,32,1,295.06
15422.0,45,2,97.7
15426.0,91,1,382.57
15443.0,42,1,437.71
15447.0,53,1,155.17
15448.0,35,1,494.64
15454.0,84,1,179.1
15456.0,5,3,434.59000000000003
15460.0,76,1,214.26
15464.0,60,1,1044.65
15465.0,1,7,2869.16
15482.0,81,2,548.44
15485.0,58,2,1268.13
15497.0,42,1,970.6
15498.0,42,5,3504.64
15502.0,90,3,929.4
15503.0,85,1,141.04
15510.0,53,1,250.0
15512.0,82,1,101.2
15513.0,39,5,2414.26
15514.0,3,5,2116.7400000000002
15518.0,40,3,618.95
15525.0,95,1,274.93
15527.0,38,2,580.3
15529.0,46,3,570.89
15532.0,80,1,353.8
15535.0,49,2,259.04
15543.0,10,1,127.86
15544.0,10,3,1199.1200000000001
15545.0,93,1,135.32999999999998
15547.0,7,4,1413.83
15549.0,38,1,930.3000000000001
15550.0,23,1,137.89999999999998
15555.0,83,3,989.82
15562.0,74,1,134.55
15563.0,81,1,270.19
15569.0,54,1,288.5
15570.0,6,6,1967.39
15574.0,80,3,563.54
15577.0,27,1,29.65
15579.0,36,1,195.35
15581.0,76,4,323.86
15587.0,74,1,344.88
15589.0,33,1,184.95
15596.0,3,3,1080.5
15601.0,17,7,3790.2000000000003
15602.0,34,4,404.75
15605.0,12,2,377.6
15606.0,1,4,1194.67
15607.0,58,1,104.76
15611.0,3,2,204.0
15615.0,20,5,2435.1
15620.0,80,1,424.49
15622.0,4,1,576.0
15626.0,52,1,281.88
15628.0,89,1,319.18
15636.0,4,1,306.7
15640.0,21,5,4278.38
15641.0,4,2,762.16
15643.0,4,1,337.1
15646.0,94,1,189.8
15649.0,58,2,816.0
15656.0,6,1,242.95
15658.0,32,2,576.4000000000001
15660.0,5,2,364.3
15661.0,39,2,309.8
15670.0,19,1,173.05
15673.0,49,1,880.26
15675.0,2,1,45.0
15676.0,6,1,897.8
15680.0,88,1,478.89
15681.0,2,1,345.68
15687.0,11,3,1032.55
15689.0,84,1,103.5
15694.0,53,4,1245.12
15696.0,37,3,777.51
15708.0,8,4,1513.3600000000001
15709.0,6,1,133.25
15712.0,10,1,299.8
15713.0,88,1,171.15
15716.0,91,1,529.4
15719.0,4,3,1042.7
15722.0,12,1,324.05
15723.0,87,1,190.7
15724.0,7,1,103.65
15727.0,53,2,2071.7
15732.0,94,1,138.1
15733.0,5,1,162.3
15738.0,8,4,1285.14
15749.0,54,2,22998.4
15750.0,5,3,610.92
15752.0,95,1,259.65000000000003
15753.0,26,1,79.2
15755.0,17,1,314.68
15759.0,19,2,185.04
15769.0,10,5,10189.08
15777.0,40,3,753.15
15780.0,80,1,177.15
15781.0,28,1,83.35
15785.0,17,1,928.58
15789.0,80,1,351.3
15796.0,24,1,343.92
15797.0,27,2,1510.2
15799.0,56,1,320.21999999999997
15805.0,11,2,924.5600000000001
15808.0,28,4,3651.27
15809.0,25,1,198.8
15810.0,19,1,377.32
15811.0,20,3,897.33
15812.0,40,1,244.8
15820.0,42,1,206.98
15822.0,81,1,440.2
15823.0,94,1,15.0
15827.0,3,7,734.28
15831.0,46,1,309.94
15835.0,53,1,301.11
15838.0,33,2,1235.0
15841.0,61,1,331.6
15843.0,26,1,118.95000000000002
15845.0,10,2,1232.58
15847.0,10,1,180.68
15854.0,33,3,747.3000000000001
15856.0,23,4,4360.21
15858.0,11,2,816.22
15860.0,91,1,102.66
15862.0,96,1,354.23
15864.0,38,1,242.42000000000002
15867.0,18,6,1068.8700000000001
15874.0,6,1,584.35
15880.0,91,1,329.03000000000003
15881.0,34,5,501.39000000000004
15882.0,90,2,371.32000000000005
15885.0,31,1,15.0
15889.0,91,1,272.07
15894.0,91,1,151.44
15898.0,89,2,516.64
15899.0,91,1,56.25
15903.0,17,1,161.28
15910.0,11,2,310.9
15916.0,52,3,575.0600000000001
15919.0,91,1,214.07999999999998
15922.0,95,1,369.5
15923.0,95,1,127.08
15932.0,11,1,317.73
15938.0,46,1,74.9
15939.0,9,4,1364.1000000000001
15940.0,33,1,35.8
15945.0,87,1,181.0
15950.0,82,1,428.82000000000005
15951.0,8,1,375.16999999999996
15953.0,5,3,652.12
15955.0,95,1,572.38
15965.0,89,1,156.19
15967.0,41,1,161.9
15970.0,26,1,314.1
15971.0,6,2,879.0
15973.0,89,1,307.82000000000005
15974.0,11,1,769.24
15981.0,33,1,270.0
15983.0,82,3,1138.37
15984.0,5,4,563.14
15987.0,91,1,113.48
15990.0,9,1,401.37
15996.0,7,2,473.34
15998.0,84,1,863.39
16003.0,82,1,1181.0
16010.0,85,1,110.1
16011.0,12,4,745.69
16013.0,24,12,7371.2
16014.0,13,1,253.63
16016.0,88,1,363.02
16019.0,19,4,1953.5
16027.0,6,2,399.72
16029.0,14,15,19452.27
16030.0,32,1,331.24
16033.0,27,5,1260.6
16034.0,55,1,153.6
16037.0,27,2,603.46
16042.0,54,1,24.95
16043.0,40,1,307.85
16045.0,12,1,664.45
16048.0,95,2,256.44
16057.0,7,1,683.98
16059.0,49,2,259.5
16062.0,87,1,247.56
16065.0,87,1,367.14
16072.0,10,1,584.3199999999999
16073.0,19,1,122.39999999999999
16078.0,6,1,79.2
16081.0,89,1,157.6
16083.0,83,1,337.98
16084.0,21,1,436.18
16085.0,43,1,181.35
16086.0,11,2,278.45
16098.0,21,2,852.4
16109.0,30,1,314.99999999999994
16110.0,33,1,404.0
16112.0,55,2,136.14
16115.0,15,1,138.83
16122.0,55,2,249.84
16124.0,39,1,249.0
16125.0,89,1,289.35
16126.0,19,1,891.35
16128.0,4,1,388.3
16133.0,10,2,630.91
16134.0,81,1,283.53000000000003
16140.0,93,1,124.14
16143.0,25,3,1212.8500000000001
16145.0,11,3,978.92
16148.0,18,1,76.32000000000001
16150.0,94,1,393.42
16153.0,77,1,215.01
16156.0,33,1,303.84000000000003
16159.0,3,1,348.2
16161.0,12,7,1315.94
16163.0,87,1,441.6
16168.0,41,2,403.5
16182.0,17,1,825.0
16186.0,94,1,307.68
16187.0,6,2,675.9000000000001
16191.0,23,7,2019.28
16202.0,83,1,365.27
16203.0,94,1,170.7
16206.0,50,1,161.3
16208.0,11,1,497.59
16210.0,32,6,8876.94
16212.0,5,1,498.15000000000003
16217.0,4,1,183.0
16218.0,96,1,471.3
16221.0,89,1,166.74
16222.0,40,1,773.5500000000001
16233.0,52,2,326.5
16235.0,18,2,344.46
16241.0,61,2,436.38
16244.0,95,1,1056.63
16250.0,96,1,226.14
16255.0,27,3,893.21
16265.0,16,4,2442.84
16270.0,75,1,1141.24
16271.0,80,1,133.22
16274.0,95,1,351.75
16282.0,62,1,168.3
16293.0,89,1,378.75
16303.0,55,1,827.1800000000001
16306.0,16,5,594.47
16315.0,53,1,226.37
16316.0,80,1,308.21999999999997
16317.0,19,1,570.76
16321.0,27,3,223.65
16326.0,36,2,425.18
16327.0,38,2,1158.22
16332.0,27,1,122.3
16333.0,2,4,4428.96
16339.0,6,1,94.05
16349.0,12,1,53.5
16350.0,56,1,376.7
16351.0,55,1,153.9
16353.0,17,8,1295.2
16359.0,25,2,301.65
16365.0,81,2,368.46
16367.0,85,1,167.09
16378.0,19,2,287.05
16385.0,88,1,147.20000000000002
16387.0,45,1,94.36
16389.0,5,1,119.65
16393.0,17,3,505.6
16394.0,12,1,312.40999999999997
16395.0,46,2,450.56
16401.0,16,2,665.8
16402.0,91,1,205.65
16403.0,34,1,177.5
16405.0,24,2,167.25
16407.0,8,3,535.39
16409.0,39,1,271.56
16411.0,91,1,128.55
16414.0,2,1,50.8
16419.0,33,1,252.66
16422.0,7,13,6781.31
16425.0,24,1,302.7
16427.0,6,1,109.8
16431.0,19,2,334.6
16434.0,22,1,393.5
16441.0,13,1,211.0
16442.0,83,1,147.06
16449.0,3,1,416.69
16455.0,83,3,531.98
16456.0,29,2,1236.49
16458.0,6,3,567.4
16462.0,6,1,34.0
16466.0,15,1,109.12
16470.0,81,1,216.34
16473.0,9,2,217.81
16477.0,42,3,961.71
16493.0,7,2,367.8
16494.0,18,1,826.53
16496.0,39,1,736.7
16497.0,40,2,512.38
16499.0,82,2,365.45
16500.0,53,1,165.0
16503.0,52,2,841.79
16509.0,19,1,363.7
16510.0,94,1,248.1
16515.0,33,1,319.86
16518.0,6,1,190.7
16519.0,87,1,103.7
16520.0,87,1,325.76
16523.0,38,1,743.9
16525.0,5,7,3064.13
16531.0,16,3,484.83
16532.0,60,1,1910.4
16539.0,80,2,747.25
16546.0,13,2,787.15
16549.0,56,1,119.49000000000001
16550.0,90,1,554.66
16551.0,59,1,311.07
16552.0,95,1,95.29
16553.0,27,3,1945.44
16554.0,53,1,0.85
16556.0,17,2,950.99
16558.0,24,4,1445.8600000000001
16560.0,80,1,332.18
16565.0,86,1,173.7
16566.0,15,1,94.89999999999999
16567.0,59,1,557.5600000000001
16570.0,34,1,450.06
16571.0,4,1,436.68
16573.0,12,1,292.63
16583.0,96,1,233.45
16592.0,10,1,455.28000000000003
16593.0,50,1,69.6
16596.0,88,1,120.65
16598.0,8,1,145.04999999999998
16600.0,61,1,125.86
16607.0,6,4,1102.78
16612.0,34,1,280.05
16618.0,45,1,728.16
16634.0,94,1,164.8
16638.0,13,4,741.89
16654.0,90,1,227.4
16655.0,54,1,812.25
16656.0,14,3,1398.3200000000002
16658.0,90,1,123.24
16660.0,41,1,282.59999999999997
16665.0,84,1,135.39999999999998
16667.0,6,1,200.4
16668.0,6,1,50.76
16670.0,5,4,1393.8400000000001
16676.0,59,1,464.82
16678.0,5,1,312.18
16679.0,88,1,129.75
16684.0,18,6,9811.98
16686.0,28,2,687.91
16692.0,11,1,8.5
16700.0,19,3,1278.3
16701.0,20,3,1222.62
16705.0,33,3,3620.83
16709.0,4,1,1120.53
16710.0,82,2,519.9200000000001
16711.0,24,2,598.8000000000001
16713.0,17,4,1616.1200000000001
16714.0,39,2,1114.06
16716.0,33,1,734.4000000000001
16717.0,88,1,307.25
16718.0,91,1,606.0500000000001
16719.0,11,3,752.51
16722.0,10,3,1113.88
16725.0,24,7,758.27
16726.0,16,3,585.76
16727.0,86,1,256.32
16730.0,41,1,187.01999999999998
16735.0,56,1,607.21
16738.0,20,1,3.75
16743.0,81,1,430.28000000000003
16745.0,7,4,1225.92
16746.0,15,3,1245.34
16748.0,31,2,609.8
16752.0,95,1,207.5
16754.0,94,1,2002.4
16755.0,38,1,316.06
16757.0,41,1,106.83000000000001
16765.0,16,1,34.0
16767.0,38,1,1866.02
16770.0,35,3,527.75
16771.0,32,2,947.42
16775.0,13,3,577.1
16779.0,26,6,2066.15
16781.0,94,1,311.25
16782.0,39,3,905.64
16791.0,54,1,246.98
16792.0,4,2,110.38000000000001
16795.0,87,1,414.88
16805.0,82,1,214.77
16812.0,82,1,479.35
16814.0,16,7,2120.11
16816.0,35,2,325.45
16817.0,82,2,367.3
16833.0,56,1,309.48
16835.0,95,1,81.75
16838.0,10,1,392.12
16839.0,5,7,3298.65
16841.0,9,1,317.38
16842.0,24,1,520.5699999999999
16843.0,13,2,1999.46
16850.0,56,1,332.41
16858.0,91,1,375.69000000000005
16863.0,89,1,164.25
16873.0,86,1,2157.64
16875.0,18,3,805.09
16882.0,39,1,9.9
16883.0,94,1,128.03
16885.0,79,1,177.95
16889.0,59,1,523.05
16891.0,94,1,217.26
16893.0,89,1,145.93
16897.0,21,2,289.78
16898.0,90,1,112.08
16899.0,82,1,170.55
16904.0,20,4,632.4100000000001
16905.0,94,1,254.39999999999998
16907.0,12,2,409.75
16912.0,13,3,737.84
16913.0,12,1,113.44
16915.0,6,1,54.300000000000004
16916.0,94,1,196.43
16918.0,39,1,275.78
16919.0,82,2,540.01
16923.0,1,4,1864.34
16926.0,93,1,230.25
16927.0,84,1,218.1
16928.0,24,3,330.0
16931.0,14,4,882.19
16938.0,31,1,267.6
16940.0,11,1,757.68
16943.0,40,1,451.03
16945.0,27,3,780.64
16948.0,48,1,69.6
16949.0,39,1,74.42
16950.0,89,1,172.0
16951.0,26,1,1053.79
16954.0,82,1,346.79999999999995
16955.0,58,3,354.98
16957.0,4,1,114.84
16979.0,20,1,347.15
16980.0,13,1,681.86
16983.0,42,2,358.75
16985.0,36,2,1273.56
16992.0,7,1,421.6
16996.0,75,2,127.54000000000002
16997.0,10,3,702.0
16998.0,26,1,90.0
17001.0,3,3,1106.09
17002.0,13,1,513.06
17007.0,79,2,207.12
17017.0,10,6,2885.96
17018.0,48,1,405.0
17019.0,53,2,629.91
17025.0,95,2,160.97
17026.0,91,1,33.15
17027.0,5,3,433.23
17033.0,81,1,307.8
17034.0,10,1,141.79999999999998
17035.0,33,1,259.51
17041.0,83,1,304.5
17048.0,5,2,760.4
17050.0,14,2,660.94
17059.0,91,1,722.36
17062.0,36,4,533.33
17063.0,11,2,319.37
17064.0,49,1,143.95
17068.0,6,5,1037.85
17069.0,77,2,583.2
17071.0,32,1,308.55
17075.0,13,2,562.6
17076.0,87,1,151.5
17082.0,40,1,636.94
17083.0,18,2,996.02
17085.0,21,3,970.15
17090.0,10,2,462.0
17091.0,47,2,888.15
17094.0,44,1,302.0
17095.0,21,2,543.96
17097.0,46,2,287.64
17105.0,28,1,319.4
17114.0,19,2,268.54
17117.0,10,1,116.19999999999999
17118.0,40,1,157.02
17126.0,22,2,501.67
17128.0,57,1,157.09
17135.0,12,2,500.55
17139.0,11,1,2639.38
17146.0,81,1,298.25
17147.0,34,1,409.5
17158.0,82,1,413.79
17162.0,27,1,424.41
17165.0,6,1,158.68
17171.0,11,1,224.91
17175.0,18,1,519.08
17179.0,83,1,243.0
17180.0,38,1,245.44
17181.0,95,1,155.52
17188.0,37,3,1424.44
17189.0,81,1,226.57000000000002
17191.0,2,4,820.88
17194.0,83,1,252.62
17198.0,87,2,521.66
17211.0,75,3,779.71
17213.0,38,3,936.95
17214.0,14,3,453.1
17218.0,56,4,770.63
17220.0,35,2,637.5
17223.0,32,2,416.89
17226.0,31,1,393.49
17227.0,91,1,142.25
17228.0,34,3,479.38
17230.0,33,7,3435.0099999999998
17231.0,20,3,699.88
17235.0,94,1,341.9
17236.0,22,3,445.37
17238.0,44,3,508.64
17239.0,35,1,382.5
17243.0,1,8,2044.2
17251.0,85,1,269.83
17255.0,21,1,108.26
17256.0,34,1,127.89999999999999
17259.0,90,1,367.95
17262.0,88,1,268.86
17277.0,44,1,717.02
17282.0,22,1,723.9
17284.0,58,1,716.11
17287.0,89,2,222.7
17288.0,17,3,290.52
17291.0,30,1,550.8000000000001
17293.0,30,2,469.35
17302.0,28,1,182.85
17303.0,83,1,250.04
17306.0,18,3,1674.88
17311.0,39,1,556.46
17314.0,34,2,566.2
17315.0,3,8,1178.2
17320.0,90,1,450.92
17323.0,14,1,141.69
17324.0,54,2,702.23
17325.0,2,1,96.8
17329.0,37,1,243.36
17334.0,24,2,307.02
17337.0,32,1,989.38
17338.0,13,3,2638.6
17339.0,87,1,60.0
17340.0,76,2,4360.39
17341.0,88,1,416.61
17343.0,77,1,193.64
17346.0,21,3,337.96
17348.0,20,1,160.15
17356.0,34,1,178.22
17358.0,25,2,360.81
17361.0,14,1,45.0
17362.0,32,1,150.0
17364.0,11,2,924.39
17365.0,55,2,742.66
17368.0,53,2,694.0
17371.0,83,1,92.14
17372.0,39,3,528.9300000000001
17373.0,35,1,145.25
17374.0,3,1,191.95
17375.0,34,2,286.37
17376.0,33,1,105.85
17377.0,10,5,1133.83
17381.0,17,8,7179.46
17388.0,9,1,381.6
17389.0,4,6,898.92
17392.0,28,2,417.27
17396.0,94,1,397.5
17400.0,75,1,424.17
17402.0,51,3,571.87
17404.0,38,3,6773.0599999999995
17406.0,55,3,2184.42
17412.0,25,3,589.12
17416.0,3,1,2114.71
17418.0,46,1,167.39000000000001
17419.0,17,4,1037.47
17420.0,96,1,130.85
17422.0,18,1,321.25
17426.0,4,1,1193.88
17428.0,12,6,3110.12
17430.0,87,1,112.6
17431.0,35,1,403.3
17442.0,12,1,440.83
17446.0,32,1,68.10000000000001
17449.0,5,2,1022.6
17450.0,55,5,20649.04
17454.0,21,2,298.1
17456.0,87,1,249.86
17457.0,31,2,717.0600000000001
17460.0,40,3,203.8
17462.0,6,1,463.40999999999997
17463.0,35,1,691.46
17470.0,90,1,178.4
17472.0,10,2,438.27
17491.0,48,2,632.9200000000001
17496.0,81,1,271.05
17499.0,12,1,622.88
17504.0,11,2,787.43
17507.0,31,1,340.56
17508.0,3,1,387.31
17511.0,12,6,18356.86
17512.0,13,3,651.21
17515.0,40,1,231.48
17516.0,7,2,324.63
17517.0,31,1,153.94
17519.0,90,1,335.3
17524.0,83,1,145.0
17525.0,82,1,422.70000000000005
17526.0,13,3,872.8
17530.0,19,2,645.33
17535.0,2,1,164.4
17537.0,25,1,620.75
17540.0,38,1,268.8
17551.0,81,1,290.34
17552.0,94,2,298.52
17555.0,56,1,195.45
17560.0,33,1,162.1
17567.0,4,3,1478.18
17569.0,54,1,344.14
17571.0,20,1,282.7
17572.0,95,1,70.80000000000001
17576.0,4,6,720.39
17580.0,34,2,168.02
17581.0,3,6,2064.98
17585.0,60,1,417.81
17591.0,20,3,845.41
17593.0,75,1,662.9
17596.0,90,1,390.97
17602.0,46,1,767.0500000000001
17604.0,34,1,136.24
17609.0,24,2,531.25
17611.0,42,3,1053.17
17612.0,20,1,305.46
17613.0,11,2,897.51
17616.0,90,1,326.4
17618.0,84,1,278.98
17619.0,34,1,214.37
17621.0,34,2,901.78
17629.0,82,1,238.65
17634.0,59,1,785.65
17643.0,95,1,101.55
17646.0,4,2,596.85
17652.0,3,1,222.3
17655.0,7,3,1296.7
17659.0,21,3,474.95
17663.0,9,1,371.39
17667.0,21,1,928.05
17671.0,87,1,394.18
17672.0,31,1,1177.8400000000001
17673.0,42,1,402.41999999999996
17674.0,91,1,300.66
17675.0,11,6,3646.7400000000002
17676.0,88,1,300.7
17677.0,24,6,2711.1
17682.0,90,1,391.5
17685.0,30,4,1186.22
17686.0,25,1,1592.61
17690.0,48,5,1570.65
17691.0,80,2,290.40000000000003
17692.0,27,2,453.96
17696.0,87,2,175.6
17700.0,3,1,602.61
17705.0,24,1,136.3
17706.0,12,4,888.85
17707.0,58,1,83.7
17708.0,47,1,106.85
17711.0,12,1,220.53000000000003
17714.0,43,1,153.0
17720.0,90,1,102.0
17722.0,47,2,1743.58
17730.0,20,2,687.04
17732.0,95,1,303.97
17735.0,10,3,1896.02
17738.0,4,1,779.92
17739.0,55,2,682.59
17742.0,55,1,302.57
17744.0,45,3,1008.4
17752.0,81,1,80.64
17757.0,3,9,1277.57
17760.0,95,1,172.54
17769.0,1,2,448.11
17770.0,4,1,603.17
17771.0,45,1,115.8
17774.0,27,1,219.98999999999998
17786.0,39,1,103.35
17787.0,27,3,1668.52
17789.0,3,1,225.9
17790.0,24,6,516.35
17796.0,35,3,614.1
17799.0,41,3,1010.71
17800.0,56,1,136.05
17802.0,94,1,100.2
17809.0,24,4,1861.7
17811.0,6,9,2741.17
17812.0,90,1,193.29999999999998
17816.0,87,1,16.21
17819.0,19,3,1836.12
17827.0,87,3,1270.96
17829.0,20,1,889.24
17830.0,11,1,188.5
17838.0,14,3,1655.0
17841.0,3,23,5612.41
17843.0,25,1,205.48
17848.0,32,3,213.91
17849.0,28,2,345.1
17850.0,94,34,5391.21
17855.0,95,1,208.97
17856.0,4,1,482.81
17857.0,18,3,2127.54
17858.0,26,4,2093.0
17859.0,27,1,141.92000000000002
17860.0,90,1,226.45000000000002
17861.0,42,1,241.85999999999999
17862.0,45,1,330.9
17863.0,33,2,890.6999999999999
17865.0,11,4,2331.35
17867.0,10,1,25.5
17869.0,90,1,214.32
17870.0,89,1,326.4
17873.0,3,2,690.73
17880.0,87,1,458.92
17881.0,26,1,133.35000000000002
17884.0,34,3,590.54
17888.0,39,2,112.08
17889.0,44,1,99.35
17890.0,45,2,586.89
17894.0,7,6,867.0
17897.0,89,2,410.67
17905.0,74,2,392.9
17908.0,96,1,232.03
17912.0,32,5,310.06
17913.0,78,1,218.05
17917.0,85,1,107.16
17920.0,37,3,834.81
17923.0,4,1,207.50000000000003
17924.0,24,2,502.20000000000005
17925.0,95,1,244.08
17929.0,31,1,196.20000000000002
17937.0,21,3,2693.88
17940.0,25,1,1045.44
17949.0,5,5,3820.5
17950.0,87,2,263.17
17951.0,80,2,409.50000000000006
17954.0,17,4,708.76
17961.0,5,8,612.93
17964.0,94,1,261.76
17965.0,6,5,1053.68
17967.0,94,1,112.27
17968.0,95,1,265.1
17969.0,83,1,125.2
17975.0,32,4,1378.78
17976.0,94,1,321.79
17978.0,87,1,300.91999999999996
17980.0,81,1,295.2
17988.0,49,1,64.99000000000001
17990.0,75,2,316.0
17994.0,13,1,305.3
17995.0,3,1,76.1
17999.0,88,1,190.34
18004.0,84,1,157.92
18008.0,40,1,130.81
18011.0,95,1,102.78999999999999
18016.0,37,2,318.85
18017.0,32,1,165.0
18032.0,56,1,73.5
18037.0,44,2,39.55
18041.0,3,8,1656.67
18043.0,88,1,287.91
18044.0,6,2,146.37
18050.0,81,1,74.4
18055.0,13,5,2394.03
18056.0,10,1,363.65
18061.0,13,3,817.33
18062.0,60,1,169.8
18065.0,10,3,750.0500000000001
18068.0,11,1,101.69999999999999
18069.0,49,1,287.11
18071.0,88,1,258.95
18074.0,96,1,489.6
18075.0,6,4,867.5
18077.0,41,3,711.46
18085.0,52,2,689.95
18087.0,13,1,3202.9199999999996
18092.0,52,4,3111.84
18093.0,20,2,1117.52
18094.0,14,1,504.72
18095.0,34,2,580.0500000000001
18097.0,62,2,657.1800000000001
18102.0,4,7,39766.090000000004
18106.0,51,1,421.9
18109.0,26,6,1213.57
18113.0,90,1,76.32000000000001
18114.0,12,1,220.1
18116.0,17,4,823.32
18118.0,5,6,1440.75
18119.0,90,1,180.7
18125.0,17,2,720.97
18136.0,42,1,288.99
18138.0,17,1,152.65
18144.0,41,3,660.05
18145.0,35,1,609.01
18151.0,12,1,312.55
18155.0,14,1,113.93
18156.0,91,1,186.88
18159.0,23,1,530.15
18161.0,42,1,301.53
18168.0,24,3,634.39
18171.0,56,1,240.45000000000002
18172.0,11,2,1978.3799999999999
18176.0,80,1,476.35
18178.0,31,2,633.95
18179.0,48,2,622.9
18188.0,12,1,426.6
18190.0,53,1,171.46
18196.0,12,1,450.78
18198.0,10,3,907.32
18202.0,33,1,485.73
18211.0,1,1,137.9
18212.0,48,1,216.07
18218.0,3,1,289.21999999999997
18219.0,18,3,484.37
18223.0,1,5,1674.84
18225.0,27,2,468.82
18226.0,60,1,417.3
18229.0,17,4,1372.9
18230.0,24,1,464.82
18231.0,11,1,291.0
18233.0,48,1,440.0
18239.0,35,3,918.52
18245.0,35,2,804.91
18250.0,32,1,349.27
18257.0,13,2,363.8
18259.0,88,1,376.30000000000007
18260.0,56,2,787.7700000000001
18269.0,88,1,168.6
18283.0,7,3,314.7
